url,url_mobile,title,seendate,socialimage,domain,language,sourcecountry
https://indianexpress.com/about/top-news/,,"Latest News on Top News : Get Top News News Updates along with Photos , Videos and Latest News Headlines",20260326T080000Z,https://indianexpress.com/wp-content/themes/indianexpress/images/IE-OGimage.jpg,indianexpress.com,English,India
https://www.foxnews.com/media/fox-news-digital-tops-news-brands-60th-straight-month-multiplatform-minutes-dominant-february,https://www.foxnews.com/media/fox-news-digital-tops-news-brands-60th-straight-month-multiplatform-minutes-dominant-february.amp,"Fox News Digital dominates news brands in February , for 60th consecutive month",20260317T180000Z,,foxnews.com,English,United States
https://www.wistv.com/2026/03/17/live-stream-wis-news-10/,,🔴LIVE : Stream WIS News 10,20260318T193000Z,https://gray-wistv-prod.gtv-cdn.com/resizer/v2/SSE65U42ZBHWHB4XXOVGRHZF2M.png?auth=f58195ee36142de88c8c43beac2b881903ccc784aa1ebc34efb2b50b6e2ca5af&smart=true,wistv.com,English,United States
https://bleedingcool.com/tv/cbs-news-heads-announce-more-layoffs-cbs-news-radio-to-be-shut-down/,,"CBS News Heads Announce More Layoffs , CBS News Radio to Be Shut Down",20260320T161500Z,https://bleedingcool.com/wp-content/uploads/2026/03/MixCollage-20-Mar-2026-11-23-AM-4174-2000x1125.jpg,bleedingcool.com,English,United States
https://economictimes.indiatimes.com/news/international/us/travis-kelces-new-chiefs-contract-heres-what-the-chiefs-contract-really-means-for-2026/articleshow/129762214.cms,https://m.economictimes.com/news/international/us/travis-kelces-new-chiefs-contract-heres-what-the-chiefs-contract-really-means-for-2026/amp_articleshow/129762214.cms,travis kelce contract : Travis Kelce new Chiefs contract : Here what the Chiefs contract really means for 2026,20260323T211500Z,"https://img.etimg.com/thumb/msid-129762266,width-1200,height-630,imgsize-52698,overlay-economictimes/articleshow.jpg",economictimes.indiatimes.com,English,India
https://www.latimes.com/entertainment-arts/business/story/2026-03-24/what-happens-to-knx-other-stations-when-cbs-news-radio-goes-away,,What happens to KNX and other stations when CBS News Radio goes away ? ,20260324T121500Z,https://california-times-brightspot.s3.amazonaws.com/ff/5b/c36c31b34e598ca6c9199b5c4471/knx-mic1-copy.jpg,latimes.com,English,United States
https://www.foxnews.com/media/cbs-news-announces-layoffs-bosses-acknowledge-difficult-day-dozens-staffers-expected-impacted,https://www.foxnews.com/media/cbs-news-announces-layoffs-bosses-acknowledge-difficult-day-dozens-staffers-expected-impacted.amp,"CBS News announces layoffs , set to impact roughly 6 % of staffers",20260320T163000Z,https://static.foxnews.com/foxnews.com/content/uploads/2026/01/bari-weiss-cbs.jpg,foxnews.com,English,United States
https://economictimes.indiatimes.com/news/international/us/what-was-that-tentacled-object-floating-on-the-iss-viral-iss-photo-sparks-panic-before-astronaut-reveals-the-truth/articleshow/129813710.cms,https://m.economictimes.com/news/international/us/what-was-that-tentacled-object-floating-on-the-iss-viral-iss-photo-sparks-panic-before-astronaut-reveals-the-truth/amp_articleshow/129813710.cms,International Space Station : What was that tentacled object floating on the ISS ? Viral ISS photo sparks panic before astronaut reveals the truth,20260326T004500Z,"https://img.etimg.com/thumb/msid-129813737,width-1200,height-630,imgsize-121500,overlay-economictimes/articleshow.jpg",economictimes.indiatimes.com,English,India
https://www.rediff.com/news/report/ai-misuse-fuels-indias-growing-fake-news-crisis/20260314.htm,https://m.rediff.com/amp/news/report/ai-misuse-fuels-indias-growing-fake-news-crisis/20260314.htm,AI Misuse Fuels India Growing Fake News Crisis,20260314T103000Z,https://im.rediff.com/1200-630/news/2026/mar/01fake-news-ai.jpg,rediff.com,English,India
https://www.moneycontrol.com/world/us-israel-iran-war-news-live-updates-missile-dubai-drone-attacks-mines-in-strait-of-hormuz-16th-march-2026-liveblog-13861121.html,https://www.moneycontrol.com/world/us-israel-iran-war-news-live-updates-missile-dubai-drone-attacks-mines-in-strait-of-hormuz-16th-march-2026-liveblog-13861121.html/amp,"Iran War News Live : Dubai Airport suspends ops after drone strikes ; After France , Japan says no to Trump Hormuz plan",20260316T033000Z,https://images.moneycontrol.com/static-mcnews/2026/03/20260316013621_howitzer-artillery-gun-Israel-Lebanon-border-AFP-photo.jpg?impolicy=website,moneycontrol.com,English,India
https://deadline.com/print-article/1236761393/,,Deadline,20260320T164500Z,https://s0.wp.com/_si/?t=eyJpbWciOiJodHRwczpcL1wvZGVhZGxpbmUuY29tXC93cC1jb250ZW50XC91cGxvYWRzXC8yMDE5XC8wNFwvY3JvcHBlZC1pY29uLTUxMng1MTIucG5nIiwidHh0IjoiRGVhZGxpbmUiLCJ0ZW1wbGF0ZSI6ImVkZ2UiLCJmb250IjoiIiwiYmxvZ19pZCI6MTc5MjkwMTQ5fQ.IHL7P_bYC7Sr4W2XvHh7kLwSO5arBq8LoHSjTj-l-uAMQ,deadline.com,English,United States
https://indianexpress.com/section/live-news/,,"Live News , Live News Today , Online Live India News , Live TV News Coverage from India , Live Updates",20260326T080000Z,https://indianexpress.com/wp-content/themes/indianexpress/images/IE-OGimage.jpg,indianexpress.com,English,India
https://www.foxnews.com/media/apple-news-fails-provide-balanced-coverage-dhs-shutdown-ignores-right-leaning-outlets-study,https://www.foxnews.com/media/apple-news-fails-provide-balanced-coverage-dhs-shutdown-ignores-right-leaning-outlets-study.amp,Apple News fails to provide balanced coverage of DHS shutdown : study,20260317T181500Z,https://static.foxnews.com/foxnews.com/content/uploads/2026/03/dhs.jpg,foxnews.com,English,United States
https://dailycaller.com/2026/03/20/bari-weiss-cbs-news-unveils-major-cuts-amid-industry-shakeup/,,Bari Weis CBS News Unveils Major Cuts Amid Industry Shakeup,20260320T191500Z,"https://images.dailycaller.com/image/width=1280,height=549,fit=cover,format=webp,f=auto/https://cdn01.dailycaller.com/wp-content/uploads/2026/03/GettyImages-2187869241-scaled-e1774022111289.jpg",dailycaller.com,English,United States
https://newsbusters.org/blogs/free-speech/heather-moon/2026/03/18/87-left-leaning-yahoo-news-favors-left-props-radical,,"87 % Left - Leaning : Yahoo News Favors Left , Pushes Radical Sites in Feb",20260318T150000Z,https://cdn.newsbusters.org/styles/mobile_thumb_700x400_/s3/2026-03/YahooStudy_PullImage.png?itok=A9Iktxa-,newsbusters.org,English,United States
https://economictimes.indiatimes.com/news/international/us/word-of-the-day-trousseau/articleshow/128783864.cms,https://m.economictimes.com/news/international/us/word-of-the-day-trousseau/amp_articleshow/128783864.cms,Trousseau meaning in Bridgerton : Word of the day : Trousseau,20260225T141500Z,"https://img.etimg.com/thumb/msid-128784405,width-1200,height-630,imgsize-183041,overlay-economictimes/articleshow.jpg",economictimes.indiatimes.com,English,India
https://www.livemint.com/economy/global-petrol-prices-here-is-how-much-fuel-cost-change-increase-due-west-asia-war-march-2026-economy-gas-diesel-india-us-11774440967600.html,https://www.livemint.com/economy/global-petrol-prices-here-is-how-much-fuel-cost-change-increase-due-west-asia-war-march-2026-economy-gas-diesel-india-us/amp-11774440967600.html,Global petrol prices : Here a look at how much fuel cost has changed due to the West Asia war,20260325T173000Z,https://www.livemint.com/lm-img/img/2026/03/25/600x338/IRAN-CRISIS-INDIA-1_1774417691352_1774450378935.JPG,livemint.com,English,India
https://economictimes.indiatimes.com/news/international/us/earthquake-of-magnitude-2-3-rattles-new-york-areas-affected-and-all-details/articleshow/129406440.cms,https://m.economictimes.com/news/international/us/earthquake-of-magnitude-2-3-rattles-new-york-areas-affected-and-all-details/amp_articleshow/129406440.cms,earthquake nyc : Earthquake of magnitude 2 . 3 rattles New York : Areas affected and all details,20260310T170000Z,"https://img.etimg.com/thumb/msid-129406927,width-1200,height-630,imgsize-16777,overlay-economictimes/articleshow.jpg",economictimes.indiatimes.com,English,India
https://www.thewrap.com/media-platforms/journalism/cbs-news-radio-cuts-journalist-reactions/,,Journalists Mourn the Shuttering of CBS News Radio :  End of an Era  ,20260320T190000Z,https://www.thewrap.com/wp-content/uploads/2026/03/GettyImages-3239794-1.jpg,thewrap.com,English,United States
https://www.foxnews.com/media/fox-news-dominates-all-news-brands-370-million-youtube-views-february,https://www.foxnews.com/media/fox-news-dominates-all-news-brands-370-million-youtube-views-february.amp,"Fox News dominates YouTube with 370M views in February , topping competitors",20260303T210000Z,,foxnews.com,English,United States
https://www.wistv.com/2026/03/07/live-stream-wis-news-10/,,ðŸ  ´LIVE : Stream WIS News 10,20260307T170000Z,https://gray-wistv-prod.gtv-cdn.com/resizer/v2/SSE65U42ZBHWHB4XXOVGRHZF2M.png?auth=f58195ee36142de88c8c43beac2b881903ccc784aa1ebc34efb2b50b6e2ca5af&smart=true,wistv.com,English,United States
https://www.foxnews.com/media/fox-news-digital-thrives-2025-posts-best-year-history-among-key-measurable,https://www.foxnews.com/media/fox-news-digital-thrives-2025-posts-best-year-history-among-key-measurable.amp,Fox News Digital thrives in 2025,20260116T190000Z,,foxnews.com,English,United States
https://www.hollywoodreporter.com/business/business-news/cbs-news-layoffs-underway-bari-weiss-1236542195/,,CBS News Layoffs Underway By Bari Weiss in New Mission,20260320T151500Z,https://www.hollywoodreporter.com/wp-content/uploads/2025/10/3118160_0391b.jpg?crop=0px%2C69px%2C3214px%2C1799px,hollywoodreporter.com,English,United States
https://economictimes.indiatimes.com/news/international/us/last-chance-for-an-amazon-refund-deadline-nears-to-claim-up-to-51/articleshow/126416295.cms,https://m.economictimes.com/news/international/us/last-chance-for-an-amazon-refund-deadline-nears-to-claim-up-to-51/amp_articleshow/126416295.cms,Amazon refund : Last chance for an Amazon refund ? Deadline nears to claim up to $51,20260108T190000Z,"https://img.etimg.com/thumb/msid-126420672,width-1200,height-630,imgsize-73600,overlay-economictimes/articleshow.jpg",economictimes.indiatimes.com,English,India
https://economictimes.indiatimes.com/news/international/us/police-appear-at-neighbors-house-as-nancy-guthrie-search-takes-a-sudden-new-turn/articleshow/128750511.cms,https://m.economictimes.com/news/international/us/police-appear-at-neighbors-house-as-nancy-guthrie-search-takes-a-sudden-new-turn/amp_articleshow/128750511.cms,nancy guthrie update today : Police appear at neighbor house as Nancy Guthrie search takes a sudden new turn,20260224T133000Z,"https://img.etimg.com/thumb/msid-128751380,width-1200,height-630,imgsize-41394,overlay-economictimes/articleshow.jpg",economictimes.indiatimes.com,English,India
https://economictimes.indiatimes.com/news/international/us/pastor-jamal-bryant-defends-wifes-viral-dress-slams-insecure-jealous-critics-she-aint-married-to-yall/articleshow/126378947.cms,https://m.economictimes.com/news/international/us/pastor-jamal-bryant-defends-wifes-viral-dress-slams-insecure-jealous-critics-she-aint-married-to-yall/amp_articleshow/126378947.cms,"jamal bryant wife dress : Pastor Jamal Bryant defends wife viral dress , slams  insecure , jealou critics ,  She Aint Married to Yall  ",20260106T184500Z,"https://img.etimg.com/thumb/msid-126378983,width-1200,height-630,imgsize-74002,overlay-economictimes/articleshow.jpg",economictimes.indiatimes.com,English,India
https://economictimes.indiatimes.com/news/international/us/donald-trump-to-get-nobel-peace-prize-next-week-heres-what-the-us-president-says/articleshow/126438951.cms,https://m.economictimes.com/news/international/us/donald-trump-to-get-nobel-peace-prize-next-week-heres-what-the-us-president-says/amp_articleshow/126438951.cms,Trump Machado meeting : Donald Trump to get Nobel Peace Prize next week ? Here what the US President says,20260109T170000Z,"https://img.etimg.com/thumb/msid-126439375,width-1200,height-630,imgsize-1071305,overlay-economictimes/articleshow.jpg",economictimes.indiatimes.com,English,India
https://www.mediaite.com/media/tech/overhyped-new-poll-suggests-americans-are-shunning-ai-as-a-breaking-news-source/,,Only 1 % of Americans Use AI Chatbots for Breaking News : Poll,20260325T000000Z,https://www.mediaite.com/wp-content/uploads/2023/07/AP23138717768313-scaled.jpg,mediaite.com,English,United States
https://www.yahoo.com/news/articles/cbs-maga-friendly-bosses-humiliated-165454674.html,,CB MAGA - Friendly Bosses Humiliated as Entire Division Walks Off Job,20260318T010000Z,https://s.yimg.com/ny/api/res/1.2/Oe8Ca7CNK0ICbIWjTq7LVA--/YXBwaWQ9aGlnaGxhbmRlcjt3PTEyMDA7aD02NzU7Y2Y9d2VicA--/https://media.zenfs.com/en/thedailybeast.com/b2b9efe51ad88ac058caef371168722a,yahoo.com,English,United States
https://www.adweek.com/tvnewser/cable-news-ratings-for-february-2026/,,Here Are the Cable News Ratings for February 2026,20260303T214500Z,https://static-www.adweek.com/wp-content/uploads/2025/11/new-cable-news-ratings-2025.jpg?&crop=1,adweek.com,English,United States
https://economictimes.indiatimes.com/news/international/us/word-of-the-day-pinnacle/articleshow/128116245.cms,https://m.economictimes.com/news/international/us/word-of-the-day-pinnacle/amp_articleshow/128116245.cms,pinnacle meaning in Bridgerton explained : Word of the day : Pinnacle,20260209T141500Z,"https://img.etimg.com/thumb/msid-128117011,width-1200,height-630,imgsize-96735,overlay-economictimes/articleshow.jpg",economictimes.indiatimes.com,English,India
https://economictimes.indiatimes.com/news/international/us/david-muir-loses-to-tom-llamas-nbc-edges-out-abc-in-battle-of-nightly-news-shows-as-ratings-race-heats-up/articleshow/126550293.cms,https://m.economictimes.com/news/international/us/david-muir-loses-to-tom-llamas-nbc-edges-out-abc-in-battle-of-nightly-news-shows-as-ratings-race-heats-up/amp_articleshow/126550293.cms,NBC nightly news battle : David Muir loses to Tom Llamas ? NBC edges out ABC in battle of Nightly news shows as ratings race heats up,20260115T174500Z,"https://img.etimg.com/thumb/msid-126550293,width-1200,height-630,imgsize-54784,overlay-economictimes/articleshow.jpg",economictimes.indiatimes.com,English,India
https://www.thedailybeast.com/maga-coded-cbs-boss-bari-eiss-starts-cbs-news-jobs-bloodbath/,,MAGA - Coded CBS Boss Bari eiss Starts CBS News Jobs Bloodbath,20260320T153000Z,https://www.thedailybeast.com/resizer/v2/V6LV4ULQLFFTVL3JYN25T2AQGA.jpg?smart=true&auth=fac1de80145552a65dc14c5d7514c5d7db597531051bed6e8a5f9bf079937ac9,thedailybeast.com,English,United States
https://www.mediaite.com/media/nbc-digital-bucks-industry-trend-with-8-traffic-surge-closes-in-on-longtime-leader-cbs/,,NBC Digital Bucks Industry Trend With +8 % Traffic Surge,20260317T203000Z,https://www.mediaite.com/wp-content/uploads/2026/03/Llam-scaled.jpg,mediaite.com,English,United States
https://economictimes.indiatimes.com/news/international/us/renee-nicole-good-remembered-as-a-prize-winning-poet-heres-the-award-winning-poem-she-wrote/articleshow/126416579.cms,https://m.economictimes.com/news/international/us/renee-nicole-good-remembered-as-a-prize-winning-poet-heres-the-award-winning-poem-she-wrote/amp_articleshow/126416579.cms,renee nicole good : Renee Nicole Good remembered as a prize - winning poet here the award - winning poem she wrote,20260108T154500Z,"https://img.etimg.com/thumb/msid-126416675,width-1200,height-630,imgsize-18656,overlay-economictimes/articleshow.jpg",economictimes.indiatimes.com,English,India
https://economictimes.indiatimes.com/news/international/us/wells-fargo-confirms-one-day-nationwide-shutdown-of-all-4227-branches-in-january/articleshow/126396154.cms,https://m.economictimes.com/news/international/us/wells-fargo-confirms-one-day-nationwide-shutdown-of-all-4227-branches-in-january/amp_articleshow/126396154.cms,"Wells Fargo nationwide shutdown : Wells Fargo confirms one - day nationwide shutdown of all 4 , 227 branches in January",20260107T174500Z,"https://img.etimg.com/thumb/msid-126397033,width-1200,height-630,imgsize-93456,overlay-economictimes/articleshow.jpg",economictimes.indiatimes.com,English,India
https://economictimes.indiatimes.com/news/international/us/bitcoin-whale-cashes-out-after-12-years-profiting-31250-heres-how-the-crypto-trader-turned-1-66-million-worth-btc-usd-into-a-500-million-fortune/articleshow/126689780.cms,https://m.economictimes.com/news/international/us/bitcoin-whale-cashes-out-after-12-years-profiting-31250-heres-how-the-crypto-trader-turned-1-66-million-worth-btc-usd-into-a-500-million-fortune/amp_articleshow/126689780.cms,"Bitcoin whale historic profit : Bitcoin whale cashes out after 12 years , profiting 31 , 250 % - here how the crypto trader turned $1 . 66 million worth BTC USD into a $500 million fortune",20260119T164500Z,"https://img.etimg.com/thumb/msid-126695977,width-1200,height-630,imgsize-65856,overlay-economictimes/articleshow.jpg",economictimes.indiatimes.com,English,India
https://economictimes.indiatimes.com/news/international/us/savannah-guthrie-breaks-down-offers-1-million-reward-for-missing-mother-nancy-guthrieheres-what-she-said/articleshow/128759236.cms,https://m.economictimes.com/news/international/us/savannah-guthrie-breaks-down-offers-1-million-reward-for-missing-mother-nancy-guthrieheres-what-she-said/amp_articleshow/128759236.cms,"Savannah Guthrie : Savannah Guthrie breaks down , offers $1 Million reward for missing mother Nancy Guthrie here what she said",20260224T200000Z,"https://img.etimg.com/thumb/msid-128759981,width-1200,height-630,imgsize-303250,overlay-economictimes/articleshow.jpg",economictimes.indiatimes.com,English,India
https://www.yahoo.com/entertainment/tv/articles/ernie-anastos-iconic-york-anchor-205003951.html,,"Ernie Anastos , iconic New York anchor who spent 11 years at WABC - TV , dies at 82",20260312T213000Z,https://s.yimg.com/ny/api/res/1.2/B2Xp2sNXzyTvrjVeRsORvw--/YXBwaWQ9aGlnaGxhbmRlcjt3PTEyMDA7aD02NzU7Y2Y9d2VicA--/https://media.zenfs.com/en/wabc_articles_804/a00ae16142e93cfb327ed6364a6f7103,yahoo.com,English,United States
https://www.dailymail.co.uk/news/article-15463581/Daily-Mail-expands-distribution-content-Apple-News-UK.html,https://www.dailymail.co.uk/news/article-15463581/amp/Daily-Mail-expands-distribution-content-Apple-News-UK.html,Daily Mail expands distribution of content onto Apple News in united kingdom ,20260115T101500Z,https://i.dailymail.co.uk/1s/2026/01/14/15/105507611-0-image-m-87_1768402926763.jpg,dailymail.co.uk,English,United Kingdom
https://economictimes.indiatimes.com/news/international/us/taylor-swifts-private-texts-leaked-how-does-she-really-feel-about-blake-lively-drama/articleshow/127727910.cms,https://m.economictimes.com/news/international/us/taylor-swifts-private-texts-leaked-how-does-she-really-feel-about-blake-lively-drama/amp_articleshow/127727910.cms,Taylor Swift private texts : Taylor Swift private texts leaked : How does she really feel about Blake Lively drama ? ,20260128T203000Z,"https://img.etimg.com/thumb/msid-127728169,width-1200,height-630,imgsize-170550,overlay-economictimes/articleshow.jpg",economictimes.indiatimes.com,English,India
https://www.independent.co.uk/news/world/americas/tony-dokoupil-cbs-ratings-bari-weiss-b2940678.html,,CBS Evening News ratings drop below 4M for first time with Tony Dokoupil,20260318T050000Z,https://static.independent.co.uk/2026/03/18/3/25/GettyImages-2171605416.jpg?&crop=1200:800,independent.co.uk,English,United Kingdom
https://economictimes.indiatimes.com/news/international/us/was-nancy-guthrie-kidnapped-ex-fbi-top-official-raises-doubts-about-the-case/articleshow/128162013.cms,https://m.economictimes.com/news/international/us/was-nancy-guthrie-kidnapped-ex-fbi-top-official-raises-doubts-about-the-case/amp_articleshow/128162013.cms,Nancy Guthrie kidnapped : Was Nancy Guthrie kidnapped ? Ex - FBI top official raises doubts about the case,20260210T151500Z,"https://img.etimg.com/thumb/msid-128162325,width-1200,height-630,imgsize-76692,overlay-economictimes/articleshow.jpg",economictimes.indiatimes.com,English,India
https://www.mercurynews.com/2026/03/27/photos-hakone-lights-up-cherry-blossom-season/,https://www.mercurynews.com/2026/03/27/photos-hakone-lights-up-cherry-blossom-season/amp/,Photos : Hakone lights up cherry blossom season,20260327T144500Z,https://www.mercurynews.com/wp-content/uploads/2026/03/SJM-L-CLOBLOSSOMS-03XX-3.jpg,mercurynews.com,English,United States
https://www.prnewswire.com/news-releases/fox-news-media-to-produce-a-new-daily-news-brief-for-fox-television-stations-starting-february-23rd-302684010.html,,FOX NEWS MEDIA TO PRODUCE A NEW DAILY NEWS BRIEF FOR FOX TELEVISION STATIONS STARTING FEBRUARY 23RD,20260210T163000Z,,prnewswire.com,English,United States
https://www.mercurynews.com/2026/03/19/photos-persian-new-year-of-nowruz-celebrated-in-berkeley/,https://www.mercurynews.com/2026/03/19/photos-persian-new-year-of-nowruz-celebrated-in-berkeley/amp/,Photos : Persian New Year of Nowruz celebrated in Berkeley,20260319T203000Z,https://www.mercurynews.com/wp-content/uploads/2026/03/EBT-L-PERSIANNY-0319-1.jpg,mercurynews.com,English,United States
https://variety.com/2026/tv/news/cbs-news-layoffs-6-staff-1236694889/,,CBS News to Lay Off 6 % of Staff,20260320T134500Z,https://variety.com/wp-content/uploads/2025/10/Bari-Weiss-CBS-News.jpg?&crop=1,variety.com,English,United States
https://www.aol.co.uk/money/sky-news-cut-ties-uae-063000645.html,,Sky News to cut ties with UAE channel,20260318T174500Z,https://s.yimg.com/ny/api/res/1.2/N2GKALub3_7GIeSEN1nRYQ--/YXBwaWQ9aGlnaGxhbmRlcjt3PTEyMDA7aD03NTY-/https://media.zenfs.com/en/aol_the_telegraph_624/3f51cb9f01bf4f4be965ab4426d52468,aol.co.uk,English,United Kingdom
https://economictimes.indiatimes.com/news/international/us/u-s-iran-war-impact-major-american-carrier-united-airlines-to-cut-5-per-cent-of-planned/articleshow/129711430.cms,https://m.economictimes.com/news/international/us/u-s-iran-war-impact-major-american-carrier-united-airlines-to-cut-5-per-cent-of-planned/amp_articleshow/129711430.cms,United Airlines flight cancellations : U . S .- Iran war impact : Major American carrier United Airlines to cut 5 per cent of planned,20260321T004500Z,"https://img.etimg.com/thumb/msid-129711430,width-1200,height-630,imgsize-184564,overlay-economictimes/articleshow.jpg",economictimes.indiatimes.com,English,India
https://economictimes.indiatimes.com/news/international/us/national-bagel-day-2026-where-to-find-free-bagels-deals-discounts-nationwide/articleshow/126547312.cms,https://m.economictimes.com/news/international/us/national-bagel-day-2026-where-to-find-free-bagels-deals-discounts-nationwide/amp_articleshow/126547312.cms,"National Bagel Day : National Bagel Day 2026 : Where to find free bagels , deals & discounts nationwide ? ",20260115T143000Z,"https://img.etimg.com/thumb/msid-126547526,width-1200,height-630,imgsize-116120,overlay-economictimes/articleshow.jpg",economictimes.indiatimes.com,English,India
https://economictimes.indiatimes.com/news/international/us/ios-26-2-is-here-apple-pushes-critical-spyware-fixes-ui-tweaks-and-new-airdrop-codes/articleshow/126506729.cms,https://m.economictimes.com/news/international/us/ios-26-2-is-here-apple-pushes-critical-spyware-fixes-ui-tweaks-and-new-airdrop-codes/amp_articleshow/126506729.cms,"iOS 26 . 2 : iOS 26 . 2 is here : Apple pushes critical spyware fixes , UI tweaks , and new AirDrop codes",20260113T144500Z,"https://img.etimg.com/thumb/msid-126507310,width-1200,height-630,imgsize-29090,overlay-economictimes/articleshow.jpg",economictimes.indiatimes.com,English,India
https://www.yahoo.com/news/articles/sky-news-cut-ties-uae-063000836.html,,Sky News to cut ties with UAE channel,20260318T084500Z,https://s.yimg.com/ny/api/res/1.2/4na5Z_QEUm3sgkCX3WnHTg--/YXBwaWQ9aGlnaGxhbmRlcjt3PTEyMDA7aD03NTY7Y2Y9d2VicA--/https://media.zenfs.com/en/the_telegraph_258/3f51cb9f01bf4f4be965ab4426d52468,yahoo.com,English,United States
https://newsbusters.org/blogs/free-speech/luis-cornelio/2026/03/17/after-terror-threats-how-did-big-four-news-apps-respond,,How Did Big Four News Apps Respond to Schumer DHS Shutdown ? Erasure,20260317T201500Z,https://cdn.newsbusters.org/styles/mobile_thumb_700x400_/s3/2026-03/DHSAppsStudy_PullImage%20Luis%20Cornelio.png?itok=v-WFrSa_,newsbusters.org,English,United States
https://www.businessinsider.com/tiktok-now-top-social-app-for-news-among-young-people-2025-12,,TikTok Is Now the Top Social App for News Among Young People,20251229T120000Z,https://i.insider.com/694c050764858d02d2175cde?&format=jpeg,businessinsider.com,English,United States
https://www.psychologytoday.com/us/blog/not-just-an-algorithm/202601/the-hidden-mental-health-cost-of-news-on-social-media,https://www.psychologytoday.com/us/blog/not-just-an-algorithm/202601/the-hidden-mental-health-cost-of-news-on-social-media/amp,The Hidden Mental Health Cost of News on Social Media,20260127T014500Z,https://cdn2.psychologytoday.com/assets/styles/manual_crop_1_91_1_1528x800/public/teaser_image/blog_entry/2026-01/pexels-mizunokozuki-13802142.jpg?itok=-9hpuYQS,psychologytoday.com,English,United States
https://www.theglobeandmail.com/business/article-cbs-news-shutters-radio-news-service/,,CBS News shuts down its radio news service as part of layoffs,20260320T171500Z,https://www.theglobeandmail.com/resizer/v2/4ZXJ267H7NHUJPQCQFDIIOOGAA.jpg?auth=c0a00cf7ce15ea67993f859263fa3fc59bfe52c41ea52eb3dff4479080640ee0&quality=80&smart=true,theglobeandmail.com,English,Canada
https://www.adweek.com/tvnewser/cbs-news-streaming-workers-stage-24-hour-walkout/,,CBS News Streaming Workers Stage 24 - Hour Walkout,20260318T013000Z,https://static-www.adweek.com/wp-content/uploads/2026/03/cbs247-image-cbs.jpeg?&crop=1,adweek.com,English,United States
https://www.nydailynews.com/2026/03/16/deadly-flushing-queens-fire-photos/,,"Fatal Queens fire leaves at least 3 dead , 9 injured",20260317T050000Z,https://www.nydailynews.com/wp-content/uploads/2026/03/TNY-P54-20260316-132740.jpg,nydailynews.com,English,United States
https://deadline.com/print-article/1236761230/,,Deadline,20260320T143000Z,https://s0.wp.com/_si/?t=eyJpbWciOiJodHRwczpcL1wvZGVhZGxpbmUuY29tXC93cC1jb250ZW50XC91cGxvYWRzXC8yMDE5XC8wNFwvY3JvcHBlZC1pY29uLTUxMng1MTIucG5nIiwidHh0IjoiRGVhZGxpbmUiLCJ0ZW1wbGF0ZSI6ImVkZ2UiLCJmb250IjoiIiwiYmxvZ19pZCI6MTc5MjkwMTQ5fQ.IHL7P_bYC7Sr4W2XvHh7kLwSO5arBq8LoHSjTj-l-uAMQ,deadline.com,English,United States
https://economictimes.indiatimes.com/news/international/us/taylor-swift-and-travis-kelce-face-first-real-test-as-retirement-rumors-cloud-their-grand-wedding-plansheres-whats-happening/articleshow/126623379.cms,https://m.economictimes.com/news/international/us/taylor-swift-and-travis-kelce-face-first-real-test-as-retirement-rumors-cloud-their-grand-wedding-plansheres-whats-happening/amp_articleshow/126623379.cms,Taylor Swift Travis Kelce face first real test : Taylor Swift and Travis Kelce face  first real test  as retirement rumors cloud their grand wedding plans here what happening,20260117T194500Z,"https://img.etimg.com/thumb/msid-126623464,width-1200,height-630,imgsize-2160739,overlay-economictimes/articleshow.jpg",economictimes.indiatimes.com,English,India
https://www.yahoo.com/news/articles/911-call-reveals-person-found-090556423.html,,911 call reveals person found dead inside home,20260315T094500Z,https://s.yimg.com/os/en/whio_cox_articles_828/b02646a6f47f8b7a24ab571ec5e71a32,yahoo.com,English,United States
https://www.foxnews.com/lifestyle/fox-news-digital-news-quiz-february-27-2026,https://www.foxnews.com/lifestyle/fox-news-digital-news-quiz-february-27-2026.amp,News Quiz : Team united states hockey player gets Presidential Medal of Freedom,20260227T113000Z,https://static.foxnews.com/foxnews.com/content/uploads/2026/02/fox-news-quiz-photo-1.jpg,foxnews.com,English,United States
https://www.bbc.com/mediacentre/2026/bbc-news-uzbek-launches-on-tiktok,,BBC News Uzbek launches on TikTok,20260308T034500Z,https://ichef.bbci.co.uk/images/ic/1920x1080/p0n49qsm.jpg,bbc.com,English,United Kingdom
https://www.bbc.co.uk/mediacentre/2026/bbc-news-uzbek-launches-on-tiktok,,BBC News Uzbek launches on TikTok,20260304T174500Z,https://ichef.bbci.co.uk/images/ic/1920x1080/p0n49qsm.jpg,bbc.co.uk,English,United Kingdom
https://economictimes.indiatimes.com/news/international/us/kardashians-reality-show-pulled-from-streaming-without-warning-fans-have-just-hours-left/articleshow/126274427.cms,https://m.economictimes.com/news/international/us/kardashians-reality-show-pulled-from-streaming-without-warning-fans-have-just-hours-left/amp_articleshow/126274427.cms,Keeping Up With the Kardashians : Kardashian reality show pulled from streaming without warning fans have just hours left,20251231T173000Z,"https://img.etimg.com/thumb/msid-126274442,width-1200,height-630,imgsize-22862,overlay-economictimes/articleshow.jpg",economictimes.indiatimes.com,English,India
https://economictimes.indiatimes.com/news/international/us/is-stock-market-open-on-presidents-day-2026-heres-what-investors-need-to-know/articleshow/128421798.cms,https://m.economictimes.com/news/international/us/is-stock-market-open-on-presidents-day-2026-heres-what-investors-need-to-know/amp_articleshow/128421798.cms,is stock market open on presidents day : Is stock market open on Presidents Day 2026 ? Here what investors need to know,20260216T124500Z,"https://img.etimg.com/thumb/msid-128422587,width-1200,height-630,imgsize-56974,overlay-economictimes/articleshow.jpg",economictimes.indiatimes.com,English,India
https://economictimes.indiatimes.com/news/international/us/top-analyst-says-prince-andrews-arrest-could-force-king-charles-to-consider-stepping-aside/articleshow/128606937.cms,https://m.economictimes.com/news/international/us/top-analyst-says-prince-andrews-arrest-could-force-king-charles-to-consider-stepping-aside/amp_articleshow/128606937.cms,Prince Andrew arrest : Top analyst says Prince Andrew arrest could force King Charles to consider stepping aside,20260220T130000Z,"https://img.etimg.com/thumb/msid-128608083,width-1200,height-630,imgsize-105172,overlay-economictimes/articleshow.jpg",economictimes.indiatimes.com,English,India
https://newsbusters.org/blogs/free-speech/heather-moon/2026/01/19/media-blackout-apple-news-continues-suppress-right,,Apple News Continues Right - Leaning Outlet Blackout Into New Year,20260119T214500Z,https://cdn.newsbusters.org/styles/mobile_thumb_700x400_/s3/2026-01/AppleStudyP3_v4.png?itok=GT0XsQTw,newsbusters.org,English,United States
https://www.smh.com.au/business/companies/branding-stoush-why-sky-s-new-name-is-already-under-fire-20260223-p5o4kg.html,,Sky News Australia rebrand : ABC trademark could challenge new name that overlaps with South African outlet,20260223T091500Z,https://static.ffx.io/images/$zoom_0.5171%2C$multiply_0.7554%2C$ratio_1.777778%2C$width_1059%2C$x_0%2C$y_68/t_crop_custom/q_86%2Cf_auto/9caccae4e5266ce66979508a911eeff557ff45e1d87aaa6ea73d9d08db5a8dd3,smh.com.au,English,Australia
https://economictimes.indiatimes.com/news/international/us/prince-andrews-net-worth-and-income-questions-resurface-after-his-arrest-in-epstein-linked-probe/articleshow/128561246.cms,https://m.economictimes.com/news/international/us/prince-andrews-net-worth-and-income-questions-resurface-after-his-arrest-in-epstein-linked-probe/amp_articleshow/128561246.cms,Prince Andrew net worth : Prince Andrew net worth and income : Questions resurface after his arrest in Epstein - linked probe,20260219T144500Z,"https://img.etimg.com/thumb/msid-128562032,width-1200,height-630,imgsize-96246,overlay-economictimes/articleshow.jpg",economictimes.indiatimes.com,English,India
https://www.nydailynews.com/2026/01/05/bramhall-cartoons-january-february-2026/,,Bramhall cartoons for Jan . 2026,20260105T181500Z,https://www.nydailynews.com/wp-content/uploads/2026/01/brammon.jpg,nydailynews.com,English,United States
https://wtop.com/national/2026/03/cbs-news-shutters-its-storied-radio-news-service-after-nearly-a-century-ending-an-era/,,"CBS News shutters its storied radio news service after nearly a century , ending an era",20260320T203000Z,https://wtop.com/wp-content/uploads/2025/12/US_Media_60_Minutes_Trump_89761-scaled.jpg,wtop.com,English,United States
https://finance.yahoo.com/news/gb-news-backers-pump-more-134624154.html,,GB News backers pump in more cash as news channel loses £22m,20260304T221500Z,https://s.yimg.com/ny/api/res/1.2/o2lmbHei8hfB5MYiEeXgrA--/YXBwaWQ9aGlnaGxhbmRlcjt3PTEyMDA7aD03NTA-/https://media.zenfs.com/en/the_telegraph_258/a4e05eea1c92a4a1797440cfe942ec1c,finance.yahoo.com,English,United States
https://www.clickondetroit.com/business/2026/03/20/cbs-news-shutters-its-storied-radio-news-service-after-nearly-a-century-ending-an-era/,,"CBS News shutters its storied radio news service after nearly a century , ending an era",20260320T184500Z,"https://res.cloudinary.com/graham-media-group/image/upload/f_auto/q_auto/c_thumb,w_700/v1/media/gmg/OUN3L54PBFE2DDY3EOUUQVY6FM.jpg?_a=DATAg1fkZAA0",clickondetroit.com,English,United States
https://www.tvguide.co.uk/schedule/d02ceb89-3c8b-59bf-92e0-4348c4a67e4a/breakfast,,Breakfast on BBC News HD : full details and when it on,20260328T011500Z,https://tv.assets.pressassociation.io/d94728a6-37aa-526f-8a35-0995152611e8.jpg,tvguide.co.uk,English,United Kingdom
https://www.tvguide.co.uk/schedule/194e6f69-a8cb-5dd6-8e3a-785a67828cc5/breakfast,,Breakfast on BBC News : full details and when it on,20260328T011500Z,https://tv.assets.pressassociation.io/d94728a6-37aa-526f-8a35-0995152611e8.jpg,tvguide.co.uk,English,United Kingdom
https://www.chicagotribune.com/2026/03/20/cbs-news-radio-news-service/,,CBS News shutters radio news service after nearly a century,20260320T221500Z,,chicagotribune.com,English,United States
https://deadline.com/print-article/1236736508/,,Deadline,20260226T003000Z,https://s0.wp.com/_si/?t=eyJpbWciOiJodHRwczpcL1wvZGVhZGxpbmUuY29tXC93cC1jb250ZW50XC91cGxvYWRzXC8yMDE5XC8wNFwvY3JvcHBlZC1pY29uLTUxMng1MTIucG5nIiwidHh0IjoiRGVhZGxpbmUiLCJ0ZW1wbGF0ZSI6ImVkZ2UiLCJmb250IjoiIiwiYmxvZ19pZCI6MTc5MjkwMTQ5fQ.IHL7P_bYC7Sr4W2XvHh7kLwSO5arBq8LoHSjTj-l-uAMQ,deadline.com,English,United States
https://newsbusters.org/blogs/free-speech/gabriela-pariseau/2026/03/20/deceptive-trade-mrc-president-bozell-calls,,MRC President Calls for Investigation of Apple News in Letter to FTC,20260321T004500Z,https://cdn.newsbusters.org/styles/mobile_thumb_700x400_/s3/2026-03/DavidxFTC_PullImage.png?itok=Sarzb0Ta,newsbusters.org,English,United States
https://nypost.com/2026/03/19/us-news/orthodox-jewish-news-site-yeshiva-world-news-hacked-after-threats-of-iran-cyber-attack/,,Orthodox Jewish news site Yeshiva World News hacked after threats of Iran cyber attack,20260319T164500Z,https://nypost.com/wp-content/uploads/sites/2/2026/03/123976433.jpg?quality=75&strip=all,nypost.com,English,United States
https://6abc.com/post/philadelphia-woman-throws-action-newsthemed-party-superfan-husband/18732350/,https://6abc.com/amp/post/philadelphia-woman-throws-action-newsthemed-party-superfan-husband/18732350/,Philadelphia woman throws Action News ‑ themed party for superfan husband,20260319T040000Z,https://cdn.abcotvs.com/dip/images/18732393_031826-wpvi-action-news-birthday-party-430-CC-vid.jpg,6abc.com,English,United States
https://economictimes.indiatimes.com/news/international/us/amd-stock-price-amd-earnings-beat-expectations-yet-amd-stock-slides-after-q4-results-and-q1-outlook/articleshow/127894552.cms,https://m.economictimes.com/news/international/us/amd-stock-price-amd-earnings-beat-expectations-yet-amd-stock-slides-after-q4-results-and-q1-outlook/amp_articleshow/127894552.cms,"amd earnings : AMD stock price : AMD earnings beat expectations , yet AMD stock slides after Q4 results and Q1 outlook",20260203T221500Z,"https://img.etimg.com/thumb/msid-127894785,width-1200,height-630,imgsize-240240,overlay-economictimes/articleshow.jpg",economictimes.indiatimes.com,English,India
https://www.mediaite.com/media/news/fox-news-anchor-lands-on-ny-times-bestseller-list-for-her-4th-consecutive-book/,,Shannin Bream Lands on NY Times Bestseller List for 4th Book,20260322T203000Z,https://www.mediaite.com/wp-content/uploads/2026/03/bream-scaled.jpeg,mediaite.com,English,United States
https://digg.com/technology/NGRQ5w8/trumps-ftc-wants-apple-news-to,,Trump FTC wants Apple News to promote more Fox News and Breitbart stories | technology,20260214T164500Z,,digg.com,English,United States
https://economictimes.indiatimes.com/news/international/us/what-does-ramadan-mubarak-mean-greeting-explained-as-holy-month-begins/articleshow/128510117.cms,https://m.economictimes.com/news/international/us/what-does-ramadan-mubarak-mean-greeting-explained-as-holy-month-begins/amp_articleshow/128510117.cms,ramadan mubarak meaning : What does  Ramadan Mubarak  mean ? Greeting explained as holy month begins,20260218T143000Z,"https://img.etimg.com/thumb/msid-128511587,width-1200,height-630,imgsize-62676,overlay-economictimes/articleshow.jpg",economictimes.indiatimes.com,English,India
https://deadline.com/print-article/1236682806/,,Deadline,20260114T174500Z,https://s0.wp.com/_si/?t=eyJpbWciOiJodHRwczpcL1wvZGVhZGxpbmUuY29tXC93cC1jb250ZW50XC91cGxvYWRzXC8yMDE5XC8wNFwvY3JvcHBlZC1pY29uLTUxMng1MTIucG5nIiwidHh0IjoiRGVhZGxpbmUiLCJ0ZW1wbGF0ZSI6ImVkZ2UiLCJmb250IjoiIiwiYmxvZ19pZCI6MTc5MjkwMTQ5fQ.IHL7P_bYC7Sr4W2XvHh7kLwSO5arBq8LoHSjTj-l-uAMQ,deadline.com,English,United States
https://www.sun-sentinel.com/2026/03/20/cbs-news-shutters-radio/,,CBS News shutters its storied radio news service after nearly century,20260320T171500Z,https://www.sun-sentinel.com/wp-content/uploads/2026/03/AP26079556766201-1.jpg,sun-sentinel.com,English,United States
https://www.ksat.com/business/2026/03/20/cbs-news-shutters-its-storied-radio-news-service-after-nearly-a-century-ending-an-era/,,"CBS News shutters its storied radio news service after nearly a century , ending an era",20260320T163000Z,"https://res.cloudinary.com/graham-media-group/image/upload/f_auto/q_auto/c_thumb,w_700/v1/media/gmg/S3KIABOO4ZEYJCJIPHXHZJWAHE.jpg?_a=DATAg1fkZAA0",ksat.com,English,United States
https://www.techradar.com/phones/android/5-of-the-best-news-apps-for-android-whether-you-want-original-reporting-or-powerful-aggregators,,"5 of the best news apps for Android , whether you want original reporting or powerful aggregators",20260216T211500Z,https://cdn.mos.cms.futurecdn.net/SMXzuurEqwh7yjdpLuJYbJ-2560-80.jpg,techradar.com,English,United Kingdom
https://www.cbc.ca/news/politics/meta-miller-cusma-facebook-news-return-9.7064933,,Canada in talks with Meta on return of news to Facebook as CUSMA review nears,20260128T181500Z,"https://i.cbc.ca/ais/d913198c-fa00-4625-bf70-de26a8ff2529,1769616528124/full/max/0/default.jpg?im=Crop%2Crect%3D%280%2C253%2C4868%2C2738%29%3BResize%3D620",cbc.ca,English,Canada
https://www.hindustantimes.com/education/exam-results/india-post-gds-result-2026-live-news-post-office-gds-circle-wise-merit-list-pdf-scorecard-direct-link-how-to-check-101772766507285.html,https://www.hindustantimes.com/education/exam-results/india-post-gds-result-2026-live-news-post-office-gds-circle-wise-merit-list-pdf-scorecard-direct-link-how-to-check-101772766507285-amp.html,"India Post GDS Result 2026 Live News : How , where to check Gramin Dak Sevak merit list when out",20260306T041500Z,https://www.hindustantimes.com/ht-img/img/2026/03/06/550x309/Along-with-the-visitors--postal-staff-too-expresse_1772767527949_1772767528150.jpg,hindustantimes.com,English,India
https://www.inforum.com/business/kfgo-suddenly-loses-national-cbs-radio-news-service,,KFGO suddenly loses national CBS Radio News service,20260320T233000Z,https://forum-communications-production-web.s3.us-west-2.amazonaws.com/brightspot/ae/d0/d183c29e41529558d86c91953692/032126-n-ff-kfgo.jpg,inforum.com,English,United States
https://www.thewrap.com/industry-news/labor-unions/cbs-news-24-7-walkout-paramount-contract-wga-strike/,,CBS News 24 / 7 Staffers Begin Bicoastal Walkouts With Support From WGAE,20260317T154500Z,https://www.thewrap.com/wp-content/uploads/2026/01/012926-Letter-to-Bari-Weiss-v1.jpg,thewrap.com,English,United States
https://www.hindustantimes.com/education/competitive-exams/gate-2026-admit-card-news-live-updates-iit-gate-hall-ticket-download-link-how-to-download-exam-dates-gate2026iitgacin-101767598957321.html,https://www.hindustantimes.com/education/competitive-exams/gate-2026-admit-card-news-live-updates-iit-gate-hall-ticket-download-link-how-to-download-exam-dates-gate2026iitgacin-101767598957321-amp.html,GATE 2026 Admit Card News Live : When will IIT GATE hall ticket release ? ,20260105T084500Z,https://www.hindustantimes.com/ht-img/img/2026/01/05/550x309/CUET_1_1715758940633_1767599309321.jpg,hindustantimes.com,English,India
https://www.newsbusters.org/blogs/free-speech/heather-moon/2026/03/26/apple-news-subscription-inadequate-and-biased-you-would,,Apple News+ Subscription Is as Inadequate and Biased as Youd Expect,20260326T171500Z,https://cdn.newsbusters.org/styles/mobile_thumb_700x400_/s3/2026-03/AppleStudy_March%281%29.png?itok=_Co0v9kX,newsbusters.org,English,United States
https://nypost.com/2026/02/10/business/apple-news-promotes-left-leaning-media-outlets-as-it-shuts-out-conservative-sites-entirely-study/,,Apple News promotes left - leaning media outlets -- as it shuts out conservative sites entirely : study,20260210T123000Z,,nypost.com,English,United States
https://www.mediapost.com/publications/article/413639/the-end-was-inevitable-for-cbs-radio-news.html,,The End Was Inevitable For CBS Radio News,20260324T183000Z,https://s3.amazonaws.com/media.mediapost.com/dam/cropped/2026/03/24/bariweiss-cbsbroadcasting-600_OJATvYy.jpg,mediapost.com,English,United States
https://www.liverpoolecho.co.uk/news/liverpool-news/m53-m56-live-updates-traffic-33610237,https://www.liverpoolecho.co.uk/news/liverpool-news/m53-m56-live-updates-traffic-33610237.amp,M53 and M56 live updates as traffic stopped after crash,20260317T164500Z,https://i2-prod.liverpoolecho.co.uk/incoming/article33610132.ece/ALTERNATES/s1200/1_M53.jpg,liverpoolecho.co.uk,English,United Kingdom
https://www.spokesman.com/stories/2026/mar/20/cbs-news-shuts-down-radio-unit-amid-division-wide-/,,CBS News shuts down radio unit amid division - wide cuts,20260321T014500Z,,spokesman.com,English,United States
https://deadline.com/print-article/1236714175/,,Deadline,20260210T161500Z,https://s0.wp.com/_si/?t=eyJpbWciOiJodHRwczpcL1wvZGVhZGxpbmUuY29tXC93cC1jb250ZW50XC91cGxvYWRzXC8yMDE5XC8wNFwvY3JvcHBlZC1pY29uLTUxMng1MTIucG5nIiwidHh0IjoiRGVhZGxpbmUiLCJ0ZW1wbGF0ZSI6ImVkZ2UiLCJmb250IjoiIiwiYmxvZ19pZCI6MTc5MjkwMTQ5fQ.IHL7P_bYC7Sr4W2XvHh7kLwSO5arBq8LoHSjTj-l-uAMQ,deadline.com,English,United States
https://www.foxnews.com/media/fox-news-channel-delivers-highest-rated-non-election-year-ever-the-five-continues-historic-run,https://www.foxnews.com/media/fox-news-channel-delivers-highest-rated-non-election-year-ever-the-five-continues-historic-run.amp,Fox News delivers highest - rated non - election year ever,20260102T231500Z,https://static.foxnews.com/foxnews.com/content/uploads/2025/07/image0-42.jpeg,foxnews.com,English,United States
https://globalnews.ca/news/11712347/photos-optimist-hill-skijor-yxe-2026/,https://globalnews.ca/news/11712347/photos-optimist-hill-skijor-yxe-2026/amp/,Photos : Hundreds gather at Optimist Hill for second annual Skijor YXE,20260302T004500Z,https://globalnews.ca/wp-content/uploads/2026/03/11554fe1-f2b7-48f3-bb98-b223a6f6f502.jpg?quality=65&strip=all&crop=1,globalnews.ca,English,Canada
https://economictimes.indiatimes.com/news/international/us/when-and-where-to-watch-the-2026-rose-parade-start-time-channel-viewing-options-and-all-other-details/articleshow/126275681.cms,https://m.economictimes.com/news/international/us/when-and-where-to-watch-the-2026-rose-parade-start-time-channel-viewing-options-and-all-other-details/amp_articleshow/126275681.cms,"rose bowl parade 2026 : When and where to watch the 2026 Rose Parade ? Start time , channel , viewing options and all other details",20251231T181500Z,"https://img.etimg.com/thumb/msid-126276417,width-1200,height-630,imgsize-388902,overlay-economictimes/articleshow.jpg",economictimes.indiatimes.com,English,India
https://nypost.com/2026/03/20/media/media-veterans-outraged-as-bari-weiss-shuts-100-year-old-cbs-news-radio-its-disgusting/,,Media veterans outraged as Bari Weiss shuts 100 - year old CBS News Radio :  It disgusting  ,20260320T224500Z,https://nypost.com/wp-content/uploads/sites/2/2026/03/douglas-edwards-walter-cronkite-center-124081165.jpg?quality=75&strip=all,nypost.com,English,United States
https://www.theguardian.com/media/2026/mar/17/cbs-news-workers-24-hour-contract-walkout,,CBS News workers hold 24 - hour walkout for new contract,20260317T163000Z,"https://i.guim.co.uk/img/media/7a0b8491be87c79b676e99e919188005652407ad/415_0_4170_3339/master/4170.jpg?&quality=85&auto=format&fit=crop&precrop=40:21,offset-x50,offset-y0&overlay-align=bottom%2Cleft&overlay-width=100p&overlay-base64=L2ltZy9zdGF0aWMvb3ZlcmxheXMvdGctZGVmYXVsdC5wbmc&enable=upscale&s=65b68151bdef3ca3517170b1bf9f73ed",theguardian.com,English,United Kingdom
https://www.hindustantimes.com/education/competitive-exams/ssc-cgl-tier-2-answer-key-2026-news-live-cgl-mains-provisional-key-download-response-sheet-objection-window-ssc-gov-in-101769489613371.html,https://www.hindustantimes.com/education/competitive-exams/ssc-cgl-tier-2-answer-key-2026-news-live-cgl-mains-provisional-key-download-response-sheet-objection-window-ssc-gov-in-101769489613371-amp.html,"SSC CGL Mains Answer Key 2026 News Live : Where , how to check Tier II provisional key when out",20260127T071500Z,https://www.hindustantimes.com/ht-img/img/2026/01/27/550x309/SSC-building-0_1672430340146_1769490188308.jpg,hindustantimes.com,English,India
https://www.foxnews.com/lifestyle/fox-news-digital-news-quiz-march-6-2026,https://www.foxnews.com/lifestyle/fox-news-digital-news-quiz-march-6-2026.amp,News quiz covers Democratic Senate race and pizza chain closings this week,20260306T120000Z,https://static.foxnews.com/foxnews.com/content/uploads/2026/03/fox-news-quiz-split-phtoto-2.jpg,foxnews.com,English,United States
https://www.livemint.com/gadgets-and-appliances/upgrade-your-security-best-4k-cctv-cameras-for-securing-your-homes-and-businesses-11773659610484.html,https://www.livemint.com/gadgets-and-appliances/upgrade-your-security-best-4k-cctv-cameras-for-securing-your-homes-and-businesses/amp-11773659610484.html,Upgrade your security : Best 4K CCTV cameras for securing your homes and businesses,20260316T160000Z,https://www.livemint.com/lm-img/img/2026/03/16/600x338/4K_CCTV_cameras_1773660596916_1773660601058.jpg,livemint.com,English,India
https://mynorthwest.com/local/cbs-news-radio-layoffs/4219245,,"CBS News Radio to shut down service after nearly 100 years , eliminating all staff positions",20260320T163000Z,https://mynorthwest.com/wp-content/uploads/2026/03/Untitled-design-2026-03-20T082202.009.jpg,mynorthwest.com,English,United States
https://www.hindustantimes.com/education/competitive-exams/ctet-answer-key-2026-live-news-cbse-ctet-provisional-key-direct-link-how-to-check-result-date-latest-news-ctet-nic-in-101770881195978.html,https://www.hindustantimes.com/education/competitive-exams/ctet-answer-key-2026-live-news-cbse-ctet-provisional-key-direct-link-how-to-check-result-date-latest-news-ctet-nic-in-101770881195978-amp.html,"CTET Answer Key 2026 LIVE News : Where , how to check CBSE CTET provisional key when out",20260212T090000Z,https://www.hindustantimes.com/ht-img/img/2026/02/12/550x309/Mumbai--India---11--Feb-2025--Students-appearing-f_1753989392160_1770882167975.jpg,hindustantimes.com,English,India
https://deadline.com/2026/02/bill-melugin-fox-news-brief-1236714175/,,Bill Melugin To Anchor Daily Fox News Brief For Broadcast Stations,20260210T161500Z,,deadline.com,English,United States
https://nypost.com/2026/03/20/media/cbs-news-radio-is-being-dissolved-after-nearly-100-years-as-part-of-layoffs-announced-by-bari-weiss/,,CBS News Radio is being dissolved after nearly 100 years as part of layoffs announced by Bari Weiss,20260320T151500Z,https://nypost.com/wp-content/uploads/sites/2/2026/03/cbs-news-radio-dissolved-100-years-comp.jpg?quality=75&strip=all,nypost.com,English,United States
https://710wor.iheart.com/content/2026-03-13-ernie-anastos-legendary-nyc-news-anchor-dies-at-82/,https://710wor.iheart.com/alternate/amp/2026-03-13-ernie-anastos-legendary-nyc-news-anchor-dies-at-82/,"Ernie Anastos , Legendary NYC News Anchor , Dies At 82",20260313T193000Z,"https://i.iheart.com/v3/re/new_assets/69b40c1bbdcd016336fe1503?ops=gravity(%22north%22),fit(1200,675),quality(65)",710wor.iheart.com,English,United States
https://www.thewrap.com/media-platforms/journalism/news-corp-meta-ai-content-deal/,,"News Corp , Meta Strike AI Content Licensing Deal",20260304T000000Z,https://www.thewrap.com/wp-content/uploads/2022/10/post.jpg,thewrap.com,English,United States
https://www.hindustantimes.com/world-news/abu-dhabi-dubai-news-live-updates-uae-war-news-march-19-drone-missile-attack-qatar-strait-of-hormuz-iran-israel-us-101773881063141.html,https://www.hindustantimes.com/world-news/abu-dhabi-dubai-news-live-updates-uae-war-news-march-19-drone-missile-attack-qatar-strait-of-hormuz-iran-israel-us-101773881063141-amp.html,"Abu Dhabi , Dubai news LIVE : Projectile hits vessel off UAE near Hormuz after Iran gas field offensive",20260319T014500Z,https://www.hindustantimes.com/ht-img/img/2026/03/19/550x309/A-smoke-plume-near-the-Dubai-International-Airport_1773881574996_1773881584009.jpg,hindustantimes.com,English,India
https://newsbusters.org/blogs/free-speech/michael-morris/2026/01/20/how-big-four-news-apps-are-manipulating-masses,,Big Four News Apps Suppress Right - Leaning Media and Shape US News Consumption,20260121T023000Z,https://cdn.newsbusters.org/styles/mobile_thumb_700x400_/s3/2026-01/DC_012026.png?itok=b-Z1L1x-,newsbusters.org,English,United States
https://www.newsbusters.org/blogs/free-speech/michael-morris/2026/01/20/how-big-four-news-apps-are-manipulating-masses,,Big Four News Apps Suppress Right - Leaning Media and Shape US News Consumption,20260121T003000Z,https://cdn.newsbusters.org/styles/mobile_thumb_700x400_/s3/2026-01/DC_012026.png?itok=b-Z1L1x-,newsbusters.org,English,United States
https://www.abc.net.au/news/2026-01-29/google-search-preferred-source-how-to-choose-the-abc/106269778,,How to see more ABC News stories in Google Search,20260129T030000Z,https://live-production.wcms.abc-cdn.net.au/0c33b12588fa775a8ae53652af12f455?impolicy=wcms_watermark_news&cropH=308&cropW=548&xPos=1&yPos=0&imformat=generic,abc.net.au,English,Australia
https://www.thehindu.com/news/international/us-regulator-threatens-broadcasters-over-iran-war-coverage/article70748867.ece,https://www.thehindu.com/news/international/us-regulator-threatens-broadcasters-over-iran-war-coverage/article70748867.ece/amp/,U . S . regulator threatens broadcasters over Iran war coverage,20260316T080000Z,https://th-i.thgim.com/public/incoming/lehyb0/article70748866.ece/alternates/LANDSCAPE_1200/The_View_FCC_93044.jpg,thehindu.com,English,India
https://www.boston.com/community/quizzes/2026/03/13/greater-boston-news-quiz-march-13-2026-jayson-tatum-nantucket-vandalism-theater/,,"Take the Greater Boston news quiz , March 13 , 2026",20260313T134500Z,https://bdc2020.o0bc.com/wp-content/uploads/2026/03/s3___bgmp-arc_arc-feeds_generic-photos_to-arc_LEE030626celticsmav12SPTS-69b2d6d50f5eb-768x432.jpg,boston.com,English,United States
https://www.adweek.com/tvnewser/week-of-feb-9-2025-evening-news-ratings/,,Week of Feb . 9 Evening News Ratings : Nightly News Gets Olympic Boost,20260226T003000Z,https://static-www.adweek.com/wp-content/uploads/2025/01/evening-news-ratings-2025.jpg?&crop=1,adweek.com,English,United States
https://timesofindia.indiatimes.com/technology/tech-news/america-has-reportedly-put-google-and-facebook-conditions-on-canada-as-part-of-trade-negotiations/articleshow/127817420.cms,https://timesofindia.indiatimes.com/technology/tech-news/america-has-reportedly-put-google-and-facebook-conditions-on-canada-as-part-of-trade-negotiations/amp_articleshow/127817420.cms,America has reportedly put  Google and Facebook  conditions on Canada as part of trade negotiations,20260131T134500Z,"https://static.toiimg.com/thumb/msid-127817420,width-1280,height-720,imgsize-24470,resizemode-6,overlay-toi_sw,pt-32,y_pad-600/photo.jpg",timesofindia.indiatimes.com,English,India
https://www.nbcdfw.com/news/national-international/cbs-news-shutters-radio-news-service/3999338/,https://www.nbcdfw.com/news/national-international/cbs-news-shutters-radio-news-service/3999338/?amp=1,CBS News shutters its storied radio news service – NBC 5 Dallas - Fort Worth,20260321T074500Z,https://media.nbcdfw.com/2026/03/CBS-RADIO.jpg?quality=85&strip=all,nbcdfw.com,English,United States
https://www.theguardian.com/us-news/2026/mar/16/trump-fcc-chair-broadcast-license-threat-iran-war,,Trump backs FCC chair threat to pull licenses of news outlets over Iran war coverage | Trump administration,20260316T141500Z,"https://i.guim.co.uk/img/media/42b5af65d2370ed3d852d0b5809330fcc05b621a/0_0_5951_4761/master/5951.jpg?&quality=85&auto=format&fit=crop&precrop=40:21,offset-x50,offset-y0&overlay-align=bottom%2Cleft&overlay-width=100p&overlay-base64=L2ltZy9zdGF0aWMvb3ZlcmxheXMvdGctZGVmYXVsdC5wbmc&enable=upscale&s=b8377e0f9b2031930b25104b6cb465a0",theguardian.com,English,United Kingdom
https://hannity.com/media-room/scrolling-left-mrc-exposes-yahoo-news-bias-87-of-stories-from-left-leaning-sites/,https://hannity.com/media-room/scrolling-left-mrc-exposes-yahoo-news-bias-87-of-stories-from-left-leaning-sites/?amp=1,"SCROLLING LEFT : MRC Exposes Yahoo News Bias , 87 % of Stories from Left - Leaning Sites",20260319T144500Z,https://hannity.com/wp-content/uploads/2026/03/Yahoo-Study.png,hannity.com,English,United States
https://www.rawstory.com/cbs-evening-news-2676269014/,https://www.rawstory.com/amp/cbs-evening-news-2676269014-2676269014,MAGA - friendly  CBS Evening New sees viewership plummet to alarming levels : report,20260318T021500Z,,rawstory.com,English,United States
https://economictimes.indiatimes.com/news/international/us/mystery-traders-200-million-move-before-trumps-iran-news-sparks-wild-speculation-who-is-he/articleshow/129777114.cms,https://m.economictimes.com/news/international/us/mystery-traders-200-million-move-before-trumps-iran-news-sparks-wild-speculation-who-is-he/amp_articleshow/129777114.cms,crypto trade $200 million before Trump Iran news : Mystery trader $200 million move before Trump Iran news sparks wild speculation - who is he ? ,20260324T133000Z,"https://img.etimg.com/thumb/msid-129777136,width-1200,height-630,imgsize-56974,overlay-economictimes/articleshow.jpg",economictimes.indiatimes.com,English,India
https://www.prokerala.com/news/articles/a1734149.html,,US FTC flags Apple News over bias claims,20260227T204500Z,,prokerala.com,English,India
https://www.livemint.com/news/india/indian-railways-allowance-hike-loco-pilots-assistant-loco-pilots-firemen-guard-other-staff-check-full-list-revised-rates-11774194998301.html,https://www.livemint.com/news/india/indian-railways-allowance-hike-loco-pilots-assistant-loco-pilots-firemen-guard-other-staff-check-full-list-revised-rates/amp-11774194998301.html,"Indian Railways hikes allowances for Loco Pilots , Assistant Loco Pilots , Firemen , Guards Check full revised rates here",20260322T190000Z,https://www.livemint.com/lm-img/img/2026/03/22/600x338/2-0-880290838-railways-0_1679646256127_1774199191408.JPG,livemint.com,English,India
https://www.livemint.com/news/india/lpg-supply-remains-concern-but-no-dry-out-at-distributors-cylinders-say-india-petroleum-ministry-fuel-status-top-updates-11774271398884.html,https://www.livemint.com/news/india/lpg-supply-remains-concern-but-no-dry-out-at-distributors-cylinders-say-india-petroleum-ministry-fuel-status-top-updates/amp-11774271398884.html,"  LPG supply remains a concern , but no dry out at distributor , says Petroleum Ministry Check top updates",20260323T161500Z,https://www.livemint.com/lm-img/img/2026/03/23/600x338/PTI03-20-2026-000006A-0_1773980305983_1773980382321_1774278265118.jpg,livemint.com,English,India
https://www.livemint.com/companies/people/who-was-leonid-radvinsky-porn-site-onlyfans-owner-dies-43-batting-cancer-his-net-worth-billionaire-family-london-career-11774273007477.html,https://www.livemint.com/companies/people/who-was-leonid-radvinsky-porn-site-onlyfans-owner-dies-43-batting-cancer-his-net-worth-billionaire-family-london-career/amp-11774273007477.html,"Who was Leonid Radvinsky ? OnlyFans owner dies at 43 after batting cancer . Know about his net worth , family , career",20260323T143000Z,https://www.livemint.com/lm-img/img/2026/03/23/600x338/Leonid_Radvinsky_1774273905896_1774273911411.jpg,livemint.com,English,India
https://www.livemint.com/companies/news/sunil-mittal-to-step-down-as-airtel-africa-chair-in-july-to-be-succeeded-by-gopal-vittal-11774426351776.html,https://www.livemint.com/companies/news/sunil-mittal-to-step-down-as-airtel-africa-chair-in-july-to-be-succeeded-by-gopal-vittal/amp-11774426351776.html,Sunil Mittal to step down as Airtel Africa chair in July ; to be succeeded by Gopal Vittal,20260325T091500Z,https://www.livemint.com/lm-img/img/2026/03/25/600x338/DAVOS-WEF-2026-220_1774426504644_1774426512110.jpg,livemint.com,English,India
https://www.livemint.com/money/personal-finance/financial-planning-healthcare-crisis-sudden-job-loss-inflation-how-start-emergency-fund-saving-six-month-one-year-salary-11774451404076.html,https://www.livemint.com/money/personal-finance/financial-planning-healthcare-crisis-sudden-job-loss-inflation-how-start-emergency-fund-saving-six-month-one-year-salary/amp-11774451404076.html,Dont want a health situation or sudden job loss to turn to financial crisis ? Here how to start an emergency fund,20260325T173000Z,https://www.livemint.com/lm-img/img/2026/03/25/600x338/2-0-1411322937-iStock-1060489592-0_1679755387573_1774454957367.jpg,livemint.com,English,India
https://www.livemint.com/companies/news/jubilant-foodworks-network-stores-dominos-pizza-dunkin-donuts-impact-lpg-supply-shortage-west-asia-war-move-electric-png-11774709426356.html,https://www.livemint.com/companies/news/jubilant-foodworks-network-stores-dominos-pizza-dunkin-donuts-impact-lpg-supply-shortage-west-asia-war-move-electric-png/amp-11774709426356.html,Jubilant FoodWorks says stores impacted by LPG supply shortage amid West Asia war : What we know,20260328T180000Z,https://www.livemint.com/lm-img/img/2026/03/28/600x338/DOMINOS-PIZZA-RESULTS--0_1747239908082_1774711758046.JPG,livemint.com,English,India
https://www.livemint.com/news/us-news/quote-of-the-day-anthony-tony-hsieh-zappos-life-business-success-career-advice-stop-chasing-money-start-chasing-passion-11774715078866.html,https://www.livemint.com/news/us-news/quote-of-the-day-anthony-tony-hsieh-zappos-life-business-success-career-advice-stop-chasing-money-start-chasing-passion/amp-11774715078866.html,Quote of the Day by Tony Hsieh :  Stop chasing the money and start chasing the passion  ,20260328T190000Z,https://www.livemint.com/lm-img/img/2026/03/28/600x338/Tony_Hsieh_Zappos_Amazon_sale_quote_1774719385049_1774719385210.JPG,livemint.com,English,India
https://scroll.in/latest/1091526/news-agency-unis-office-sealed-in-delhi-after-court-order-cancelling-land-allotment,https://amp.scroll.in/latest/1091526/news-agency-unis-office-sealed-in-delhi-after-court-order-cancelling-land-allotment,News agency UNI office sealed in Delhi after High Court cancels land allotment,20260321T081500Z,https://sc0.blr1.cdn.digitaloceanspaces.com/book/208925-ygixjocdff-1755762636.jpg,scroll.in,English,India
https://www.cbsnews.com/news/ftc-apple-news-app-warning-tim-cook/,https://www.cbsnews.com/amp/news/ftc-apple-news-app-warning-tim-cook/,FTC warns Apple Tim Cook over alleged political bias in its Apple News app,20260212T191500Z,https://assets2.cbsnewsstatic.com/hub/i/r/2026/02/12/8c8bc56e-c37f-46b8-b306-7eabe0a89c7b/thumbnail/1200x630/26c340eeaa5f8b4267540fc6ec3b6ace/gettyimages-2256824992.jpg,cbsnews.com,English,United States
https://www.foxnews.com/lifestyle/fox-news-digital-news-quiz-january-9-2026,https://www.foxnews.com/lifestyle/fox-news-digital-news-quiz-january-9-2026.amp,"News Quiz : Venezuela Maduro captured by US , Vance home vandalized",20260109T120000Z,https://static.foxnews.com/foxnews.com/content/uploads/2026/01/fox-news-quiz-split-photo-1.jpg,foxnews.com,English,United States
https://www.wfmz.com/weather/69-news-snow-patrol-conditions-in-our-area-as-snowstorm-moves-through-region/collection_462063f2-573b-4b23-9ff5-d6526de3c074.html,,"69 News Snow Patrol : Conditions in our area , as snowstorm moves through region",20260125T163000Z,https://bloximages.newyork1.vip.townnews.com/wfmz.com/content/tncms/assets/v3/editorial/0/94/0944c13d-e720-5b32-8791-39f86e5aa76d/6976404579f6e.image.jpg?crop=1280%2C672%2C0%2C23,wfmz.com,English,United States
https://www.newsbusters.org/blogs/nb/geoffrey-dickens/2026/03/10/elitist-media-ignore-trumps-top-priority-popular-save-america,,Elitist Media Ignore Trump Top Priority : Popular SAVE America Act,20260310T211500Z,https://cdn.newsbusters.org/styles/mobile_thumb_700x400_/s3/2026-03/VoterID_Study3%20%281%29.png?itok=sXCxR0Wc,newsbusters.org,English,United States
https://newsbusters.org/blogs/nb/geoffrey-dickens/2026/03/10/elitist-media-ignore-trumps-top-priority-popular-save-america,,Elitist Media Ignore Trump Top Priority : Popular SAVE America Act,20260311T000000Z,https://cdn.newsbusters.org/styles/mobile_thumb_700x400_/s3/2026-03/VoterID_Study3%20%281%29.png?itok=sXCxR0Wc,newsbusters.org,English,United States
https://www.perthnow.com.au/news/business/cbs-to-close-down-us-radio-news-service-after-99-years-c-22013329,,CBS to close down US radio news service after 99 years,20260320T193000Z,https://images.perthnow.com.au/publication/C-22013329/eb63277b5ddacaec755f56121dd8630c0089e199-16x9-x0y0w1280h720.jpg?imwidth=1200,perthnow.com.au,English,Australia
https://nypost.com/2026/01/08/media/cbs-evening-news-no-2-producer-fired-after-wednesday-broadcast/,,  CBS Evening New No . 2 producer fired after Wednesday broadcast,20260108T154500Z,https://nypost.com/wp-content/uploads/sites/2/2026/01/118498735.jpg?quality=75&strip=all,nypost.com,English,United States
https://www.foxnews.com/media/california-building-housing-dozens-health-care-hospice-providers-raises-eyebrows-amid-fraud-speculation,https://www.foxnews.com/media/california-building-housing-dozens-health-care-hospice-providers-raises-eyebrows-amid-fraud-speculation.amp,Van Nuys building linked to alleged Medicare hospice fraud scheme,20260320T014500Z,https://static.foxnews.com/foxnews.com/content/uploads/2026/03/empty-bed-hospice-medical.jpg,foxnews.com,English,United States
https://www.livemint.com/gadgets-and-appliances/stay-cool-this-summer-5-premium-split-acs-above-rs-50-000-that-offer-fast-cooling-and-smart-features-11773733141701.html,https://www.livemint.com/gadgets-and-appliances/stay-cool-this-summer-5-premium-split-acs-above-rs-50-000-that-offer-fast-cooling-and-smart-features/amp-11773733141701.html,"Stay cool this summer : 5 premium split ACs above ₹50 , 000 that offer fast cooling and smart features",20260317T170000Z,https://www.livemint.com/lm-img/img/2026/03/17/600x338/Split_ACs_1773763511537_1773763521378.jpg,livemint.com,English,India
https://www.hindustantimes.com/world-news/dubai-news-live-updates-abu-dhabi-uae-airports-flight-status-missiles-drones-attack-middle-east-iran-us-war-saudi-qatar-101774143551873.html,https://www.hindustantimes.com/world-news/dubai-news-live-updates-abu-dhabi-uae-airports-flight-status-missiles-drones-attack-middle-east-iran-us-war-saudi-qatar-101774143551873-amp.html,"Dubai Abu Dhabi news LIVE : UAE responds to missiles from Iran ; projectile hits vessel near Sharjah , says united kingdom agency",20260322T041500Z,https://www.hindustantimes.com/ht-img/img/2026/03/22/550x309/IRAN-CRISIS-EMIRATES-0_1774151538469_1774151551981.JPG,hindustantimes.com,English,India
https://www.independent.co.uk/news/world/americas/us-politics/fox-news-headline-pete-hegseth-media-b2939663.html,,Fox News uses a headline that Hegseth ranted about during demands for a more  patriotic press  ,20260316T191500Z,"https://static.independent.co.uk/2026/03/16/18/56/Fox-News-banner-Mideast-War-Intensifies.jpeg?trim=0,65,0,107&crop=1200:800",independent.co.uk,English,United Kingdom
https://www.liverpoolecho.co.uk/news/liverpool-news/police-name-warrington-woman-charged-33602971,https://www.liverpoolecho.co.uk/news/liverpool-news/police-name-warrington-woman-charged-33602971.amp,Police name Warrington woman charged with stalking,20260316T180000Z,https://i2-prod.liverpoolecho.co.uk/article33603205.ece/ALTERNATES/s1200d/0_JHP_MDM_060422HANKEY_14.jpg,liverpoolecho.co.uk,English,United Kingdom
https://www.hindustantimes.com/world-news/us-news/good-thing-hes-out-donald-trump-after-anti-terror-aide-joe-kent-resigns-over-us-iran-war-101773763707065.html,https://www.hindustantimes.com/world-news/us-news/good-thing-hes-out-donald-trump-after-anti-terror-aide-joe-kent-resigns-over-us-iran-war-101773763707065-amp.html,  Good thing he out : Donald Trump after anti - terror aide Joe Kent resigns over Iran war,20260317T180000Z,https://www.hindustantimes.com/ht-img/img/2026/03/17/550x309/trump_joe_kent_1773764089533_1773764094561.png,hindustantimes.com,English,India
https://www.hindustantimes.com/world-news/netanyahu-claims-ali-larijani-dead-urges-iranians-to-take-fate-in-own-hands-101773761354672.html,https://www.hindustantimes.com/world-news/netanyahu-claims-ali-larijani-dead-urges-iranians-to-take-fate-in-own-hands-101773761354672-amp.html,"Netanyahu claims Ali Larijani dead , urges Iranians to  take fate in own hands  ",20260317T194500Z,https://www.hindustantimes.com/ht-img/img/2026/03/17/550x309/netanyahu_1773764429128_1773764434838.png,hindustantimes.com,English,India
https://www.tvguide.co.uk/schedule/03fe9109-afb8-5e88-a3d1-c6c1ccdb62fe/breakfast,,Breakfast on BBC News HD : full details and when it on,20260308T013000Z,https://tv.assets.pressassociation.io/d94728a6-37aa-526f-8a35-0995152611e8.jpg,tvguide.co.uk,English,United Kingdom
https://www.tvguide.co.uk/schedule/45e1d52e-915a-53a0-b752-46e7ca559141/breakfast,,Breakfast on BBC News : full details and when it on,20260308T013000Z,https://tv.assets.pressassociation.io/d94728a6-37aa-526f-8a35-0995152611e8.jpg,tvguide.co.uk,English,United Kingdom
https://www.tvguide.co.uk/schedule/648082a0-8ae2-528c-8d00-67b1a32dd6d5/breakfast,,Breakfast on BBC News : full details and when it on,20260301T013000Z,https://tv.assets.pressassociation.io/d94728a6-37aa-526f-8a35-0995152611e8.jpg,tvguide.co.uk,English,United Kingdom
https://www.tvguide.co.uk/schedule/ee1bc7c1-da90-527e-9d24-06e1e3b92f85/breakfast,,Breakfast on BBC News HD : full details and when it on,20260301T013000Z,https://tv.assets.pressassociation.io/d94728a6-37aa-526f-8a35-0995152611e8.jpg,tvguide.co.uk,English,United Kingdom
https://www.tvguide.co.uk/schedule/ab7952a2-c396-520e-aed4-ba1c9dca12db/breakfast,,Breakfast on BBC News : full details and when it on,20260307T011500Z,https://tv.assets.pressassociation.io/d94728a6-37aa-526f-8a35-0995152611e8.jpg,tvguide.co.uk,English,United Kingdom
https://www.tvguide.co.uk/schedule/549ac3a1-206c-5c07-8cf4-6613c87a2aee/breakfast,,Breakfast on BBC News HD : full details and when it on,20260307T011500Z,https://tv.assets.pressassociation.io/d94728a6-37aa-526f-8a35-0995152611e8.jpg,tvguide.co.uk,English,United Kingdom
https://nypost.com/2026/02/26/media/fox-news-crushes-cnn-ms-now-in-february-with-35-more-viewers-than-both-channels-combined/,,"Fox News crushes CNN , MS NOW in February with 35 % more viewers than both channels combined",20260226T174500Z,https://nypost.com/wp-content/uploads/sites/2/2026/02/crop-38611572_a30ee3.jpg?quality=75&strip=all,nypost.com,English,United States
https://arstechnica.com/tech-policy/2026/02/trump-ftc-denies-being-speech-police-but-says-apple-news-is-too-liberal/,,Trump FTC wants Apple News to promote more Fox News and Breitbart stories,20260212T224500Z,https://cdn.arstechnica.net/wp-content/uploads/2026/02/apple-news-app-1152x648-1770927170.jpg,arstechnica.com,English,United States
https://article.wn.com/view/2026/03/24/Trump_Delays_Iran_Strike_After_48Hour_Ultimatum_Escalates_Cr/,,Trump Delays Iran Strike After 48 - Hour Ultimatum Escalates Crisis,20260324T143000Z,,article.wn.com,English,United States
https://www.theguardian.com/technology/2026/jan/30/ai-generated-news-should-carry-nutrition-labels-thinktank-says,,"AI - generated news should carry  nutrition  labels , thinktank says | AI ( artificial intelligence ) ",20260130T064500Z,"https://i.guim.co.uk/img/media/75ce9f5b7734cf6d98e01e620f2325e0bccaecbc/1168_0_5840_4672/master/5840.jpg?&quality=85&auto=format&fit=crop&precrop=40:21,offset-x50,offset-y0&overlay-align=bottom%2Cleft&overlay-width=100p&overlay-base64=L2ltZy9zdGF0aWMvb3ZlcmxheXMvdGctZGVmYXVsdC5wbmc&enable=upscale&s=4ad7cda8b73024d97e50b11cb7599626",theguardian.com,English,United Kingdom
https://www.tvguide.co.uk/schedule/2f729882-b161-5558-8644-5ef88d1c3507/sky-news,,Sky News on Sky News : full details and when it on,20260308T064500Z,https://tv.assets.pressassociation.io/0c99d0e6-c226-5d8f-a4f3-019603aad64b.jpg,tvguide.co.uk,English,United Kingdom
https://www.tvguide.co.uk/schedule/92c13a44-324d-5fe5-8555-dbc675ef12b5/sky-news,,Sky News on Sky News : full details and when it on,20260308T064500Z,https://tv.assets.pressassociation.io/0c99d0e6-c226-5d8f-a4f3-019603aad64b.jpg,tvguide.co.uk,English,United Kingdom
https://www.tvguide.co.uk/schedule/2c2ffef0-92c3-575a-b070-aa541f93a7d1/sky-news,,Sky News on Sky News : full details and when it on,20260308T064500Z,https://tv.assets.pressassociation.io/0c99d0e6-c226-5d8f-a4f3-019603aad64b.jpg,tvguide.co.uk,English,United Kingdom
https://www.tvguide.co.uk/schedule/d17465c7-24c4-5cc0-86ba-e779792ec47d/sky-news,,Sky News on Sky News : full details and when it on,20260308T064500Z,https://tv.assets.pressassociation.io/0c99d0e6-c226-5d8f-a4f3-019603aad64b.jpg,tvguide.co.uk,English,United Kingdom
https://bleedingcool.com/tv/cbs-evening-news-anchor-tony-dokoupil-makes-debut-how-did-he-do/,,CBS Evening News Anchor Tony Dokoupil Makes Debut : How Did He Do ? ,20260104T033000Z,https://bleedingcool.com/wp-content/uploads/2026/01/MixCollage-03-Jan-2026-07-27-PM-5205.jpg,bleedingcool.com,English,United States
https://www.adweek.com/tvnewser/week-of-feb-23-2026-evening-news-ratings/,,Week of Feb . 23 Evening News Ratings : World News Tonight Is No . 1 Across the Board,20260305T011500Z,https://static-www.adweek.com/wp-content/uploads/2025/01/evening-news-ratings-2025.jpg?&crop=1,adweek.com,English,United States
https://nypost.com/2026/02/18/business/apple-news-inflames-political-polarization-as-it-excludes-conservative-outlets-study/,,Apple News  inflames political polarization  as it excludes conservative outlets : study,20260218T210000Z,https://nypost.com/wp-content/uploads/sites/2/2026/02/newspress-collage-tsprwhrv9-1771446681434.jpg?quality=75&strip=all&1771428776,nypost.com,English,United States
https://newsbusters.org/blogs/free-speech/heather-moon/2026/03/05/apple-news-after-viral-mrc-study-ups-right-leaning,,"Apple News After Viral MRC Study , Ups Right - Leaning Media to Only 2 % ",20260305T221500Z,https://cdn.newsbusters.org/styles/mobile_thumb_700x400_/s3/2026-03/AppleStudy_February.png?itok=B6TQVhu6,newsbusters.org,English,United States
https://www.newsbusters.org/blogs/free-speech/heather-moon/2026/03/05/apple-news-after-viral-mrc-study-ups-right-leaning,,"Apple News After Viral MRC Study , Ups Right - Leaning Media to Only 2 % ",20260305T184500Z,https://cdn.newsbusters.org/styles/mobile_thumb_700x400_/s3/2026-03/AppleStudy_February.png?itok=B6TQVhu6,newsbusters.org,English,United States
https://www.foxnews.com/lifestyle/fox-news-digital-news-quiz-february-13-2026,https://www.foxnews.com/lifestyle/fox-news-digital-news-quiz-february-13-2026.amp,"News quiz : Tom Homan crackdown announcement , pop star falls during show",20260213T121500Z,https://static.foxnews.com/foxnews.com/content/uploads/2026/02/fox-news-quiz-split-3.jpg,foxnews.com,English,United States
https://gulfnews.com/uae/uae-warns-targeting-energy-facilities-threatens-global-energy-security-1.500479089,/amp/story/uae%2Fuae-warns-targeting-energy-facilities-threatens-global-energy-security-1.500479089,"UAE Warns Against Attacks on Energy Facilities , Citing Global Security Risks",20260318T213000Z,https://media.assettype.com/gulfnews%2F2025-09-27%2F4cpbx7ne%2FANI_20250927093632.jpg?rect=0%2C204%2C1600%2C840&ar=40%3A21&auto=format%2Ccompress&ogImage=true&mode=crop&enlarge=true&overlay=false&overlay_position=bottom&overlay_width=100,gulfnews.com,English,United Arab Emirates
https://gulfnews.com/uae/uae-limits-eid-al-fitr-prayers-to-mosques-suspends-open-air-gatherings-1.500478002,/amp/story/uae%2Fuae-limits-eid-al-fitr-prayers-to-mosques-suspends-open-air-gatherings-1.500478002,"UAE Restricts Eid Al Fitr Prayers to Mosques , Suspends Outdoor Gatherings",20260318T021500Z,https://media.assettype.com/gulfnews%2F2025-09-26%2Fym1x5qd1%2FReshma-Rajan-MOSQU-BARSHA.jpeg?rect=0%2C113%2C1200%2C630&ar=40%3A21&auto=format%2Ccompress&ogImage=true&mode=crop&enlarge=true&overlay=false&overlay_position=bottom&overlay_width=100,gulfnews.com,English,United Arab Emirates
https://www.tvguide.co.uk/schedule/ede50e6d-3823-5a55-89ec-9fa3593a823e/bbc-world-news-america,,BBC World News America,20260318T184500Z,https://tv.assets.pressassociation.io/f7ec2e73-7892-5f30-a8a2-67e6d52de158.jpg,tvguide.co.uk,English,United Kingdom
https://www.tvguide.co.uk/schedule/12ccf249-0eb0-5d2c-8f2a-6223e56dc04e/bbc-world-news-america,,BBC World News America,20260317T184500Z,https://tv.assets.pressassociation.io/f7ec2e73-7892-5f30-a8a2-67e6d52de158.jpg,tvguide.co.uk,English,United Kingdom
https://www.tvguide.co.uk/schedule/95e0133a-ab12-5614-afef-bddb1999f858/bbc-world-news-america,,BBC World News America,20260319T181500Z,https://tv.assets.pressassociation.io/f7ec2e73-7892-5f30-a8a2-67e6d52de158.jpg,tvguide.co.uk,English,United Kingdom
https://www.tvguide.co.uk/schedule/b5e0f92a-b842-5764-863b-272f2e89de3d/bbc-world-news-america,,BBC World News America,20260320T183000Z,https://tv.assets.pressassociation.io/f7ec2e73-7892-5f30-a8a2-67e6d52de158.jpg,tvguide.co.uk,English,United Kingdom
https://www.tvguide.co.uk/schedule/9e876c90-4fbb-5e69-82af-c97856c3abb1/bbc-world-news-america,,BBC World News America,20260320T183000Z,https://tv.assets.pressassociation.io/f7ec2e73-7892-5f30-a8a2-67e6d52de158.jpg,tvguide.co.uk,English,United Kingdom
https://techcrunch.com/2026/02/23/particles-ai-news-app-listens-to-podcasts-for-interesting-clips-so-you-you-dont-have-to/,,Particle AI news app listens to podcasts for interesting clips so you you dont have to,20260223T201500Z,,techcrunch.com,English,United States
https://variety.com/2026/tv/news/abc-news-david-muir-sunday-primetime-special-attacks-iran-1236675883/,,ABC News Readies David Muir Sunday Special on U . S . Attacks in Iran,20260301T203000Z,https://variety.com/wp-content/uploads/2019/10/david-muir-world-news-tonight.jpg?&crop=1,variety.com,English,United States
https://www.tvguide.co.uk/schedule/545fd2ed-aac8-5acf-a6c4-192012107a94/breakfast,,Breakfast on BBC Two HD : full details and when it on,20260315T023000Z,https://tv.assets.pressassociation.io/32a29be2-bce3-5a65-84cf-c6dbf82b31bd.jpg,tvguide.co.uk,English,United Kingdom
https://nypost.com/2026/01/28/media/abc-nightly-news-no-1-atop-rivals-nbc-and-cbs-nielsen-ratings/,,  ABC Nightly New No . 1 atop rivals NBC and CBS : Nielsen ratings,20260128T161500Z,https://nypost.com/wp-content/uploads/sites/2/2026/01/119872387.jpg?quality=75&strip=all,nypost.com,English,United States
https://digg.com/digg/QA5nzTa/someone-made-an-app-that-does,,Someone made an app that does the same as digg daily . | digg,20260311T101500Z,,digg.com,English,United States
https://www.huffpost.com/entry/cbs-news-layoffs_n_69bd62afe4b01c6ce885410a,https://www.huffpost.com/entry/cbs-news-layoffs_n_69bd62afe4b01c6ce885410a/amp,CBS News Makes New Round Of Job Cuts,20260321T071500Z,https://img.huffingtonpost.com/asset/69bd6c0d18000022111c515c.jpeg?cache=m31CiX0fOu&ops=1200_630,huffpost.com,English,
https://www.foxnews.com/media/cbs-abruptly-ousts-evening-news-senior-producer-just-days-broadcast-revamp,https://www.foxnews.com/media/cbs-abruptly-ousts-evening-news-senior-producer-just-days-broadcast-revamp.amp,Senior  CBS Evening New producer dismissed by network amid broadcast revamp,20260108T231500Z,https://static.foxnews.com/foxnews.com/content/uploads/2026/01/tony-dokoupil-miami.jpg,foxnews.com,English,United States
https://economictimes.indiatimes.com/news/international/us/mississippi-shooting-six-killed-after-gunman-opens-fire-at-3-locations-in-west-point-heres-what-we-know-so-far/articleshow/126454561.cms,https://m.economictimes.com/news/international/us/mississippi-shooting-six-killed-after-gunman-opens-fire-at-3-locations-in-west-point-heres-what-we-know-so-far/amp_articleshow/126454561.cms,Mississippi shooting breaking news : Mississippi shooting : Six killed after gunman opens fire at 3 locations in West Point - here what we know so far,20260110T160000Z,"https://img.etimg.com/thumb/msid-126454581,width-1200,height-630,imgsize-225788,overlay-economictimes/articleshow.jpg",economictimes.indiatimes.com,English,India
https://www.finanznachrichten.de/nachrichten-2026-01/67492493-defense-news-launches-the-defense-news-index-recognizing-leaders-shaping-the-future-of-defense-200.htm,,"Defense News Launches the Defense News Index , Recognizing Leaders Shaping the Future of Defense",20260121T184500Z,https://www.finanznachrichten.de/content/g/fb.png,finanznachrichten.de,English,Germany
https://www.tvguide.co.uk/schedule/f1af91e1-56cb-5eca-8076-cd5afde786cc/breakfast,,Breakfast on BBC One London HD : full details and when it on,20260315T070000Z,https://tv.assets.pressassociation.io/147f67b2-9acc-5244-8a44-cd50202c9981.jpg,tvguide.co.uk,English,United Kingdom
https://www.tvguide.co.uk/schedule/adb97852-c93d-57ff-aa5e-fbbad28a6d95/breakfast,,Breakfast on BBC One London : full details and when it on,20260316T013000Z,https://tv.assets.pressassociation.io/109cbacb-88c1-5173-bbb4-461f62c385fe.jpg,tvguide.co.uk,English,United Kingdom
https://www.tvguide.co.uk/schedule/f45d53d0-3e51-54d1-b91c-76124a662fde/breakfast,,Breakfast on BBC One London : full details and when it on,20260319T013000Z,https://tv.assets.pressassociation.io/d3954a9c-9648-5afc-b539-b62d018929ba.jpg,tvguide.co.uk,English,United Kingdom
https://www.tvguide.co.uk/schedule/4a97e5fc-612f-54b7-9b4f-e21ff549a5a7/breakfast,,Breakfast on BBC One London HD : full details and when it on,20260318T064500Z,https://tv.assets.pressassociation.io/4415c776-2ab2-5402-b566-53c73a54a5ec.jpg,tvguide.co.uk,English,United Kingdom
https://www.tvguide.co.uk/schedule/77eb3182-09b0-5777-af3f-0a118cec67b0/breakfast,,Breakfast on BBC One London HD : full details and when it on,20260319T064500Z,https://tv.assets.pressassociation.io/d3954a9c-9648-5afc-b539-b62d018929ba.jpg,tvguide.co.uk,English,United Kingdom
https://www.tvguide.co.uk/schedule/7c5446ba-76af-596e-ade9-8b627574d945/breakfast,,Breakfast on BBC One London HD : full details and when it on,20260317T070000Z,https://tv.assets.pressassociation.io/91bfdda3-ac24-59b3-a3e1-b7934dd83f36.jpg,tvguide.co.uk,English,United Kingdom
https://www.tvguide.co.uk/schedule/f4df4f68-bfec-5029-8f15-5f902d6e06a4/itv-evening-news-weather,,ITV Evening News ; Weather,20260319T141500Z,https://tv.assets.pressassociation.io/4fa1ce63-5559-5947-959a-6f0b2766b153.jpg,tvguide.co.uk,English,United Kingdom
https://www.tvguide.co.uk/schedule/9411d516-5fc9-52b7-8811-1505e95befbf/breakfast,,Breakfast on BBC One London : full details and when it on,20260320T011500Z,https://tv.assets.pressassociation.io/5795fa6e-368d-5457-ba3a-24506dee351d.jpg,tvguide.co.uk,English,United Kingdom
https://www.tvguide.co.uk/schedule/871d3d6b-99cb-5362-8c82-4bdb6aa81811/itv-evening-news-weather,,ITV Evening News ; Weather,20260320T144500Z,https://tv.assets.pressassociation.io/fa215f79-13fa-5f82-9343-9be362702d17.jpg,tvguide.co.uk,English,United Kingdom
https://www.tvguide.co.uk/schedule/28ba8c27-d88c-5b81-a715-94a52916f5be/itv-evening-news-weather,,ITV Evening News ; Weather,20260320T131500Z,https://tv.assets.pressassociation.io/fa215f79-13fa-5f82-9343-9be362702d17.jpg,tvguide.co.uk,English,United Kingdom
https://www.thedailybeast.com/maga-curious-cbs-boss-bari-weiss-media-venture-the-free-press-runs-into-trouble/,,MAGA - Curious CBS Boss Bari Weis Media Venture The Free Press Runs Into Trouble,20260210T191500Z,https://www.thedailybeast.com/resizer/v2/DKCFI4CPYNBD5ELTB2E5ZBCNGM.jpg?smart=true&auth=436b2f1b4458c01f74511ab0287bccce4fdc708fd8c7ea3ffca6798af616a9c8,thedailybeast.com,English,United States
https://www.express.co.uk/showbiz/tv-radio/2162354/sky-news-presenter-darren-mccaffrey,https://www.express.co.uk/showbiz/tv-radio/2162354/sky-news-presenter-darren-mccaffrey/amp,Beloved Sky News presenter quits as he issues emotional statement on air,20260125T163000Z,https://cdn.images.express.co.uk/img/dynamic/20/1200x630/6697686.jpg,express.co.uk,English,United Kingdom
https://pjmedia.com/rick-moran/2026/03/20/whats-up-with-the-growing-trend-of-news-avoidance-n4950879,https://pjmedia.com/rick-moran/2026/03/20/whats-up-with-the-growing-trend-of-news-avoidance-n4950879/amp,What Up With the Growing Trend of  News Avoidance ? ,20260321T001500Z,https://media.townhall.com/cdn/hodl/2026/76/db55d828-62be-4c98-bc58-294328b00987.jpg,pjmedia.com,English,United States
https://www.aol.co.uk/articles/cbs-news-cut-6-percent-145934690.html,,CBS News to shutter radio network after 99 years and cut 6 percent of staff in latest controversial move by Bari Weiss,20260320T193000Z,https://s.yimg.com/os/en/aol_uk_the_independent_uk_182/efd01605b389e317e3d2308a87f18371,aol.co.uk,English,United Kingdom
https://www.tvguide.co.uk/schedule/758c83fd-9fc3-52fc-9928-c169b3ff55ea/breakfast,,Breakfast on BBC News : full details and when it on,20260329T004500Z,https://tv.assets.pressassociation.io/d94728a6-37aa-526f-8a35-0995152611e8.jpg,tvguide.co.uk,English,United Kingdom
https://www.tvguide.co.uk/schedule/9a4a87af-34db-5d9f-8484-5b95473c99ce/breakfast,,Breakfast on BBC News HD : full details and when it on,20260329T004500Z,https://tv.assets.pressassociation.io/d94728a6-37aa-526f-8a35-0995152611e8.jpg,tvguide.co.uk,English,United Kingdom
https://www.azfamily.com/2026/03/20/cbs-news-shutters-its-storied-radio-news-service-after-nearly-century-ending-an-era/,https://www.azfamily.com/2026/03/20/cbs-news-shutters-its-storied-radio-news-service-after-nearly-century-ending-an-era/?outputType=amp,"CBS News shutters its storied radio news service after nearly a century , ending an era",20260320T221500Z,https://gray-kpho-prod.gtv-cdn.com/resizer/v2/7UGTMRU6PFFWPOJDWOGDNQLO34.jpg?auth=83d97d13e538f92a568e829a7d229e233fff9b6c45055bd2307f1d9629093c0d&smart=true,azfamily.com,English,United States
https://indianexpress.com/about/india-lockdown/,,"India Lockdown News : Lockdown in India Latest News , Lockdown Live News & Updates",20260228T234500Z,https://indianexpress.com/wp-content/themes/indianexpress/images/IE-OGimage.jpg,indianexpress.com,English,India
https://twitchy.com/dougp/2026/03/13/karoline-leavitt-notes-abc-news-iran-threat-story-update-compares-fake-news-numbers-to-the-correction-n2425995,https://twitchy.com/dougp/2026/03/13/karoline-leavitt-notes-abc-news-iran-threat-story-update-compares-fake-news-numbers-to-the-correction-n2425995/amp,Karoline Leavitt Compares  Fake New Numbers to the Correction After ABC New Updates Iran Threat Story,20260313T134500Z,https://media.townhall.com/cdn/hodl/tw/images/up/2023/348/e743afca-e7f4-49df-86ba-64907ee3e1c2.jpg,twitchy.com,English,United States
https://www.hindustantimes.com/world-news/aliens-exciting-announcement-theories-revolve-around-white-house-cryptic-posts-pixelated-images-trump-us-iran-war-101774617975410.html,https://www.hindustantimes.com/world-news/aliens-exciting-announcement-theories-revolve-around-white-house-cryptic-posts-pixelated-images-trump-us-iran-war-101774617975410-amp.html,"  Aliens , exciting announcement : Theories swirl after White House cryptic posts , pixelated images on social media",20260327T153000Z,https://www.hindustantimes.com/ht-img/img/2026/03/27/550x309/white_house_posts_1774620466069_1774620476232.png,hindustantimes.com,English,India
https://www.hindustantimes.com/world-news/irans-message-to-gulf-neighbours-uae-saudi-qatar-kuwait-if-you-want-peace-don-t-let-us-run-war-from-your-lands-101774691831456.html,https://www.hindustantimes.com/world-news/irans-message-to-gulf-neighbours-uae-saudi-qatar-kuwait-if-you-want-peace-don-t-let-us-run-war-from-your-lands-101774691831456-amp.html,Iran message to Gulf neighbours it is bombing :  If you want peace ... ,20260328T110000Z,https://www.hindustantimes.com/ht-img/img/2026/03/28/550x309/Iran_president_Pezeshkian_1774692252514_1774692252671.jpg,hindustantimes.com,English,India
https://mynorthwest.com/national/cbs-news-shutters-its-storied-radio-news-service-after-nearly-a-century-ending-an-era/4219251,,"CBS News shutters its storied radio news service after nearly a century , ending an era",20260320T163000Z,,mynorthwest.com,English,United States
https://www.tvguide.co.uk/schedule/13ce5997-0a16-5b4d-8c32-94ebea0d82d6/breakfast,,Breakfast on BBC News HD : full details and when it on,20260222T011500Z,https://tv.assets.pressassociation.io/d94728a6-37aa-526f-8a35-0995152611e8.jpg,tvguide.co.uk,English,United Kingdom
https://www.tvguide.co.uk/schedule/54797f24-d025-5dcb-8bf2-71cb70553bb4/breakfast,,Breakfast on BBC News : full details and when it on,20260222T011500Z,https://tv.assets.pressassociation.io/d94728a6-37aa-526f-8a35-0995152611e8.jpg,tvguide.co.uk,English,United Kingdom
https://www.wral.com/news/ap/1fe7e-trumps-ftc-chairman-chides-apple-boss-tim-cook-for-content-of-apple-news-feed/,,Trump FTC chairman chides Apple boss Tim Cook for content of Apple news feed,20260213T000000Z,https://images.wral.com/318b8efb-0337-5572-9b82-555b882ab464,wral.com,English,United States
https://www.tvguide.co.uk/schedule/705b73df-42ea-5bfd-b84b-4a7d2302aef7/itv-news-at-ten-weather,,ITV News at Ten ; Weather,20260318T171500Z,https://tv.assets.pressassociation.io/c0712fc3-a317-5398-a02f-aae0bbee5002.jpg,tvguide.co.uk,English,United Kingdom
https://www.tvguide.co.uk/schedule/41d97108-bb41-5b82-ade7-f8b0d9376b2f/itv-news-at-ten-weather,,ITV News at Ten ; Weather,20260316T173000Z,https://tv.assets.pressassociation.io/22bc75cb-582e-5c9f-9e92-7eb88e46e4e8.jpg,tvguide.co.uk,English,United Kingdom
https://www.tvguide.co.uk/schedule/fdda8d60-a0b2-56a1-9505-21c655a67bd5/itv-news-at-ten-weather,,ITV News at Ten ; Weather,20260317T171500Z,https://tv.assets.pressassociation.io/b1eca2c1-ae19-53d3-ac33-180ee65132f5.jpg,tvguide.co.uk,English,United Kingdom
https://www.tvguide.co.uk/schedule/1c754e93-e5b0-5310-a65c-10a0b90adfde/itv-news-at-ten-weather,,ITV News at Ten ; Weather,20260319T181500Z,https://tv.assets.pressassociation.io/58c4d5c3-d207-562d-ac4f-1da8e0cb9e5c.jpg,tvguide.co.uk,English,United Kingdom
https://www.tvguide.co.uk/schedule/1750d217-158e-5017-ab65-a81776aa71fa/breakfast,,Breakfast on BBC One London HD : full details and when it on,20260321T063000Z,https://tv.assets.pressassociation.io/fdcf08b2-80a8-5b17-a8b5-830208a3b196.jpg,tvguide.co.uk,English,United Kingdom
https://www.tvguide.co.uk/schedule/4ead7606-bd5a-5f78-af19-a9a884b53c6d/itv-news-at-ten-weather,,ITV News at Ten ; Weather,20260320T174500Z,https://tv.assets.pressassociation.io/483699c1-9efc-5bee-ae66-a632933f1109.jpg,tvguide.co.uk,English,United Kingdom
https://www.boredpanda.com/pregnancy-grandmother-secret-drama/,,"Narcissist MIL Hijacks Baby Announcement From Parents - To - Be , Acts Like A Victim When They Get Mad",20260310T084500Z,https://static.boredpanda.com/blog/wp-content/uploads/2026/03/pregnancy-grandmother-secret-drama-fb.jpg,boredpanda.com,English,United States
https://www.boredpanda.com/pregnancy-grandmother-secret-drama/?cexp_id=148352&cexp_var=7&_f=homepage_featured,,"Narcissist MIL Hijacks Baby Announcement From Parents - To - Be , Acts Like A Victim When They Get Mad",20260310T091500Z,https://static.boredpanda.com/blog/wp-content/uploads/2026/03/pregnancy-grandmother-secret-drama-fb.jpg,boredpanda.com,English,United States
https://www.boredpanda.com/pregnancy-grandmother-secret-drama/?cexp_id=148352&cexp_var=4&_f=homepage_featured,,"Narcissist MIL Hijacks Baby Announcement From Parents - To - Be , Acts Like A Victim When They Get Mad",20260310T094500Z,https://static.boredpanda.com/blog/wp-content/uploads/2026/03/pregnancy-grandmother-secret-drama-fb.jpg,boredpanda.com,English,United States
https://www.boredpanda.com/pregnancy-grandmother-secret-drama/?cexp_id=148351&cexp_var=39&_f=homepage_featured,,"Narcissist MIL Hijacks Baby Announcement From Parents - To - Be , Acts Like A Victim When They Get Mad",20260310T113000Z,https://static.boredpanda.com/blog/wp-content/uploads/2026/03/pregnancy-grandmother-secret-drama-fb.jpg,boredpanda.com,English,United States
https://www.boredpanda.com/pregnancy-grandmother-secret-drama/?cexp_id=148351&cexp_var=42&_f=homepage_featured,,"Narcissist MIL Hijacks Baby Announcement From Parents - To - Be , Acts Like A Victim When They Get Mad",20260310T111500Z,https://static.boredpanda.com/blog/wp-content/uploads/2026/03/pregnancy-grandmother-secret-drama-fb.jpg,boredpanda.com,English,United States
https://www.boredpanda.com/pregnancy-grandmother-secret-drama/?cexp_id=148352&cexp_var=6&_f=homepage_featured,,"Narcissist MIL Hijacks Baby Announcement From Parents - To - Be , Acts Like A Victim When They Get Mad",20260310T104500Z,https://static.boredpanda.com/blog/wp-content/uploads/2026/03/pregnancy-grandmother-secret-drama-fb.jpg,boredpanda.com,English,United States
https://www.boredpanda.com/pregnancy-grandmother-secret-drama/?cexp_id=148352&cexp_var=0&_f=homepage_featured,,"Narcissist MIL Hijacks Baby Announcement From Parents - To - Be , Acts Like A Victim When They Get Mad",20260310T110000Z,https://static.boredpanda.com/blog/wp-content/uploads/2026/03/pregnancy-grandmother-secret-drama-fb.jpg,boredpanda.com,English,United States
https://www.boredpanda.com/pregnancy-grandmother-secret-drama/?cexp_id=148351&cexp_var=48&_f=homepage_featured,,"Narcissist MIL Hijacks Baby Announcement From Parents - To - Be , Acts Like A Victim When They Get Mad",20260310T120000Z,https://static.boredpanda.com/blog/wp-content/uploads/2026/03/pregnancy-grandmother-secret-drama-fb.jpg,boredpanda.com,English,United States
https://www.yahoo.com/news/articles/bbc-compensates-family-survived-oct-022415432.html,,BBC compensates family who survived Oct . 7 after filming inside home without consent,20260104T040000Z,https://media.zenfs.com/en/jerusalem_post_articles_818/cd84cb1fd46af9d8dd46e546829fd700,yahoo.com,English,United States
https://www.nydailynews.com/2026/03/02/pat-kiernan-jamie-stelter-new-digital-first-morning-show-ny1/,,"Pat Kiernan , Jamie Stelter to host new  digital first  show on NY1",20260302T223000Z,https://www.nydailynews.com/wp-content/uploads/2026/03/0302ny11.jpg,nydailynews.com,English,United States
https://www.foxnews.com/media/abc-nbc-cbs-delivered-93-negative-coverage-ice-after-fatal-renee-good-shooting-study-finds,https://www.foxnews.com/media/abc-nbc-cbs-delivered-93-negative-coverage-ice-after-fatal-renee-good-shooting-study-finds.amp,"ICE coverage 93 % negative on ABC , NBC , CBS broadcast networks , study finds",20260120T181500Z,https://static.foxnews.com/foxnews.com/content/uploads/2026/01/police-ice.jpg,foxnews.com,English,United States
https://mobilesyrup.com/2026/03/02/independent-tv-stations-crtc-meta-news-compensation/,,Independent TV stations urge CRTC to make Meta compensate for news,20260303T024500Z,https://production-static.mobilesyrup.com/uploads/2025/12/zuck-meta-connect-scaled.jpg,mobilesyrup.com,English,Canada
https://scroll.in/latest/1089997/india-pakistans-reciprocal-blocking-of-news-outlets-against-spirit-of-democracy-editors-guild,https://amp.scroll.in/latest/1089997/india-pakistans-reciprocal-blocking-of-news-outlets-against-spirit-of-democracy-editors-guild,India - Pakistan reciprocal blocking of news outlets against spirit of democracy : Editors Guild,20260114T203000Z,https://sc0.blr1.cdn.digitaloceanspaces.com/book/206489-zwfuhpdszr-1743096535.jpg,scroll.in,English,India
https://economictimes.indiatimes.com/news/international/us/chatgpt-down-openai-outage-hits-users-check-latest-status/articleshow/127894345.cms,https://m.economictimes.com/news/international/us/chatgpt-down-openai-outage-hits-users-check-latest-status/amp_articleshow/127894345.cms,is chatgpt down : ChatGpt down : OpenAI outage hits users . Check latest status,20260203T211500Z,"https://img.etimg.com/thumb/msid-127894345,width-1200,height-630,imgsize-46372,overlay-economictimes/articleshow.jpg",economictimes.indiatimes.com,English,India
https://www.khou.com/article/news/nation-world/cbs-news-radio-ending/507-c3097370-89e1-4886-9961-77ab0957b1c7,,CBS News Radio to end after nearly a century on air,20260320T193000Z,https://media.khou.com/assets/CCT/images/f0c21524-1e4b-4725-b102-b9e6f857ece6/20260320T165222/f0c21524-1e4b-4725-b102-b9e6f857ece6_1140x641.jpg,khou.com,English,United States
https://www.yahoo.com/news/articles/woman-juvenile-injured-stabbing-local-091135935.html,,"Woman , juvenile injured after stabbing in local neighborhood",20260209T094500Z,https://s.yimg.com/os/en/whio_cox_articles_828/5446629746346ed51be331011a8de1e3,yahoo.com,English,United States
https://www.tvguide.co.uk/schedule/4d31bc28-f832-510c-87c1-1421fe725c0c/bbc-world-news-america,,BBC World News America,20260325T184500Z,https://tv.assets.pressassociation.io/f7ec2e73-7892-5f30-a8a2-67e6d52de158.jpg,tvguide.co.uk,English,United Kingdom
https://www.tvguide.co.uk/schedule/05012ecf-e2ee-52ef-b212-83f101305a68/bbc-world-news-america,,BBC World News America,20260327T181500Z,https://tv.assets.pressassociation.io/f7ec2e73-7892-5f30-a8a2-67e6d52de158.jpg,tvguide.co.uk,English,United Kingdom
https://www.tvguide.co.uk/schedule/1d611a0d-e718-5ec4-a8f6-f124f2c0cf25/bbc-world-news-america,,BBC World News America,20260327T181500Z,https://tv.assets.pressassociation.io/f7ec2e73-7892-5f30-a8a2-67e6d52de158.jpg,tvguide.co.uk,English,United Kingdom
https://www.tvguide.co.uk/schedule/a88a9e41-c295-58da-a3d5-8f7c9b72f420/bbc-world-news-america,,BBC World News America,20260326T184500Z,https://tv.assets.pressassociation.io/f7ec2e73-7892-5f30-a8a2-67e6d52de158.jpg,tvguide.co.uk,English,United Kingdom
https://www.tvguide.co.uk/schedule/ee87f6bf-3111-595e-bbeb-1fa93728aa68/bbc-world-news-america,,BBC World News America,20260326T184500Z,https://tv.assets.pressassociation.io/f7ec2e73-7892-5f30-a8a2-67e6d52de158.jpg,tvguide.co.uk,English,United Kingdom
https://www.bollywoodhungama.com/news/bollywood/haryana-womens-commission-seeks-badshahs-arrest/,https://www.bollywoodhungama.com/amp/news/bollywood/haryana-womens-commission-seeks-badshahs-arrest/,Haryana Women Commission seeks Badshah arrest : Bollywood News,20260315T061500Z,https://media5.bollywoodhungama.in/wp-content/uploads/2026/03/Haryana-Womens-Commission-seeks-Badshahs-arrest.jpeg,bollywoodhungama.com,English,India
https://www.yahoo.com/news/articles/law-banning-intoxicating-hemp-products-091702960.html,,"New law banning intoxicating hemp products , THC drinks , in effect",20260320T100000Z,https://s.yimg.com/os/en/whio_cox_articles_828/6d68b7e84b0695e11d504e9b032caaab,yahoo.com,English,United States
https://www.thedailystar.net/campus/opinion/news/the-perils-our-news-consumption-habits-4120491,,The perils of our news consumption habits,20260306T093000Z,,thedailystar.net,English,Bangladesh
https://gulfnews.com/world/gulf/saudi/saudi-arabia-streamlines-umrah-departures-warns-against-visa-overstays-1.500482980,/amp/story/world%2Fgulf%2Fsaudi%2Fsaudi-arabia-streamlines-umrah-departures-warns-against-visa-overstays-1.500482980,"Saudi Arabia Enhances Umrah Departure Process , Warns Against Visa Overstays",20260323T023000Z,https://media.assettype.com/gulfnews%2F2026-03-16%2Fbc0uwmpa%2Fgulfnewsimport20190806190806-travel16c66f66603large.avif?rect=0%2C70%2C640%2C336&ar=40%3A21&auto=format%2Ccompress&ogImage=true&mode=crop&enlarge=true&overlay=false&overlay_position=bottom&overlay_width=100,gulfnews.com,English,United Arab Emirates
https://gulfnews.com/world/gulf/oman/woman-killed-in-flash-floods-in-omans-wilayat-khasab-1.500485169,/amp/story/world%2Fgulf%2Foman%2Fwoman-killed-in-flash-floods-in-omans-wilayat-khasab-1.500485169,Tragic Flash Floods in Oman : Woman Swept Away in Wilayat Khasab,20260324T194500Z,https://media.assettype.com/gulfnews%2F2026-03-24%2Fcmyv143v%2Fmusandam.jpg?rect=0%2C249%2C1290%2C677&ar=40%3A21&auto=format%2Ccompress&ogImage=true&mode=crop&enlarge=true&overlay=false&overlay_position=bottom&overlay_width=100,gulfnews.com,English,United Arab Emirates
https://gulfnews.com/uae/government/sheikh-abdullah-bin-zayed-we-will-never-be-blackmailed-by-terrorists-1.500483671,/amp/story/uae%2Fgovernment%2Fsheikh-abdullah-bin-zayed-we-will-never-be-blackmailed-by-terrorists-1.500483671,UAE Stands Firm Against Terrorist Blackmail : Sheikh Abdullah bin Zayed Bold Statement,20260323T150000Z,https://media.assettype.com/gulfnews%2Fimport%2F2024%2F09%2F14%2FSheikh-Abdullah-bin-Zayed-Al-Nahyan--Deputy-Prime-Minister--Minister-of-Foreign-Affairs_191f0d6e792_large.jpg?rect=0%2C22%2C750%2C394&ar=40%3A21&auto=format%2Ccompress&ogImage=true&mode=crop&enlarge=true&overlay=false&overlay_position=bottom&overlay_width=100,gulfnews.com,English,United Arab Emirates
https://gulfnews.com/uae/cyber-attacks-linked-to-remote-work-rise-by-40-authorities-warn-1.500482824,/amp/story/uae%2Fcyber-attacks-linked-to-remote-work-rise-by-40-authorities-warn-1.500482824,UAE Cybersecurity Alert : 40 % Surge in Remote Work Cyber - Attacks,20260322T160000Z,https://media.assettype.com/gulfnews%2Fimport%2F2021%2F04%2F10%2FCyber-attack-security_178b9ed3a9a_large.jpg?rect=0%2C93%2C750%2C394&ar=40%3A21&auto=format%2Ccompress&ogImage=true&mode=crop&enlarge=true&overlay=false&overlay_position=bottom&overlay_width=100,gulfnews.com,English,United Arab Emirates
https://gulfnews.com/world/mena/gargash-says-iran-aggression-drives-stronger-gcc-security-and-partnerships-1.500482812,/amp/story/world%2Fmena%2Fgargash-says-iran-aggression-drives-stronger-gcc-security-and-partnerships-1.500482812,Gargash Highlights Iran Aggression as Catalyst for Stronger GCC Security Ties,20260322T160000Z,https://media.assettype.com/gulfnews%2F2026-03-01%2F2mgaed21%2FDr.-Anwar-Mohammed-Gargash?rect=0%2C64%2C640%2C336&ar=40%3A21&auto=format%2Ccompress&ogImage=true&mode=crop&enlarge=true&overlay=false&overlay_position=bottom&overlay_width=100,gulfnews.com,English,United Arab Emirates
https://gulfnews.com/uae/government/uae-reviews-national-preparedness-to-tackle-current-challenges-1.500482873,/amp/story/uae%2Fgovernment%2Fuae-reviews-national-preparedness-to-tackle-current-challenges-1.500482873,UAE Committee Reviews Security Readiness and Weather Response,20260322T164500Z,https://media.assettype.com/gulfnews%2F2026-03-09%2Fxddm8z4n%2FAbudhabiskyline-2026?&ar=40%3A21&auto=format%2Ccompress&ogImage=true&mode=crop&enlarge=true&overlay=false&overlay_position=bottom&overlay_width=100,gulfnews.com,English,United Arab Emirates
https://gulfnews.com/uae/uaes-anwar-gargash-calls-for-decisive-support-as-regional-responses-fall-short-1.500486095,/amp/story/uae%2Fuaes-anwar-gargash-calls-for-decisive-support-as-regional-responses-fall-short-1.500486095,UAE Anwar Gargash Urges Stronger Regional Support Amid Rising Tensions,20260325T144500Z,https://media.assettype.com/gulfnews%2F2025-09-28%2F5ib6n3hw%2Fgulfnewsimport20190909190909-Anwar-Gargash16d16cd3086large.avif?rect=0%2C27%2C640%2C336&ar=40%3A21&auto=format%2Ccompress&ogImage=true&mode=crop&enlarge=true&overlay=false&overlay_position=bottom&overlay_width=100,gulfnews.com,English,United Arab Emirates
https://gulfnews.com/world/gulf/kuwait/kuwait-thwarts-terror-plot-involving-19-suspects-linked-to-lebanons-hezbollah-1.500486474,/amp/story/world%2Fgulf%2Fkuwait%2Fkuwait-thwarts-terror-plot-involving-19-suspects-linked-to-lebanons-hezbollah-1.500486474,Kuwait Foils Terror Plot Linked to Hezbollah : 19 Suspects Involved,20260326T003000Z,,gulfnews.com,English,United Arab Emirates
https://gulfnews.com/uae/weather/uae-weather-alert-unstable-conditions-persist-as-rain-and-strong-winds-sweep-country-1.500485405,/amp/story/uae%2Fweather%2Fuae-weather-alert-unstable-conditions-persist-as-rain-and-strong-winds-sweep-country-1.500485405,"UAE weather alert : Rain , strong winds and rough seas to continue for days , NCM warns",20260325T053000Z,https://media.assettype.com/gulfnews%2F2026-03-25%2Fn4etrbkl%2Fgulfnews2026-03-249uwu8c73WhatsApp-Image-2026-03-24-at-4.47.34-PM.avif?&ar=40%3A21&auto=format%2Ccompress&ogImage=true&mode=crop&enlarge=true&overlay=false&overlay_position=bottom&overlay_width=100,gulfnews.com,English,United Arab Emirates
